종목코드,종목명,종가,대비,등락률,순자산가치(NAV),시가,고가,저가,거래량,거래대금,시가총액,순자산총액,상장좌수,기초지수_지수명,기초지수_종가,기초지수_대비,기초지수_등락률
"451060","1Q 200액티브","26465","75","0.28","26431.65","26390","26840","26280","285867","7604400792","218336250000","0","8250000","코스피 200","814.59","-1.69","-0.21"
"491610","1Q CD금리액티브(합성)","103310","10","0.01","103425.40","103310","103310","103305","4565","471597615","210442470000","0","2037000","KIS 하나 CD금리 총수익지수","11692.95","5.34","0.05"
"0103T0","1Q K소버린AI","10370","-135","-1.29","10392.25","10495","10505","10320","151359","1572748653","29036000000","0","2800000","iSelect K소버린AI 지수","2058.88","-32.22","-1.54"
"463290","1Q 단기금융채액티브","107590","25","0.02","107591.91","107640","107640","107580","100421","10804321572","190111530000","0","1767000","MK 머니마켓 지수(총수익)","14531.43","6.51","0.04"
"0131W0","1Q 단기특수은행채액티브","100660","10","0.01","100665.14","100655","100660","100655","7101","714776660","109014780000","0","1083000","KIS 단기특수은행채 지수(총수익)","115.52","0.05","0.04"
"479080","1Q 머니마켓액티브","52840","5","0.01","52839.79","52835","52840","52835","140113","7403062289","882110960000","0","16694000","KIS-하나 MMF 지수(총수익)","118.92","0.06","0.05"
"0026S0","1Q 미국S&P500","11970","-220","-1.80","12007.24","11985","12015","11955","319448","3827861373","251370000000","0","21000000","S&P 500","6836.17","3.41","0.05"
"0052S0","1Q 미국S&P500미국채혼합50액티브","11360","-75","-0.66","11374.15","11335","11385","11335","238099","2703666877","253328000000","0","22300000","S&P 500 and Short-Term Treasury 50/50 Blend Index","275.64","0.12","0.04"
"0069M0","1Q 미국나스닥100","11810","-270","-2.24","11852.93","11840","11870","11800","223384","2643410433","105109000000","0","8900000","NASDAQ 100","24732.73","45.12","0.18"
"0111P0","1Q 미국나스닥100미국채혼합50액티브","10245","-120","-1.16","10258.56","10230","10275","10225","307865","3156308116","194655000000","0","19000000","Nasdaq-100 US T-Bills 0-6 Month 50/50 Index","2841.82","3.16","0.11"
"0083S0","1Q 미국메디컬AI","10015","-295","-2.86","10028.56","10040","10050","9990","173871","1742321301","44066000000","0","4400000","KEDI 미국메디컬AI 지수","1801.10","0.00","0.00"
"0004G0","1Q 미국배당TOP30","9610","-75","-0.77","9619.00","9620","9640","9565","14868","142872719","9610000000","0","1000000","Solactive U.S. Dividend TOP 30 Index PR","4399.01","49.28","1.13"
"0131V0","1Q 미국우주항공테크","11850","-360","-2.95","11803.42","11800","11910","11735","2308791","27285078405","476370000000","0","40200000","Akros 미국우주항공테크 지수","4086.70","0.00","0.00"
"0094X0","1Q 샤오미밸류체인액티브","9875","15","0.15","9874.24","9780","10000","9710","57476","559252510","22218750000","0","2250000","Solactive-KEDI Xiaomi Focus China Tech Index","1927.29","-3.50","-0.18"
"0017Y0","1Q 종합채권(AA-이상)액티브","96960","85","0.09","97044.43","97040","97095","96940","221","21442280","71459520000","0","737000","KIS 종합채권형 지수(AA-이상)(총수익)","123.25","0.38","0.31"
"0052T0","1Q 중단기회사채(A-이상)액티브","50160","60","0.12","50121.37","50165","50165","50155","792","39726715","90689280000","0","1808000","KEDI 중단기크레딧플러스채권(AAA~A-)지수(총수익)","118.33","0.09","0.08"
"472350","1Q 차이나H(H)","16190","-430","-2.59","16322.43","16510","16510","16190","262","4267370","1619000000","0","100000","Hang Seng China H","9015.47","-159.71","-1.74"
"495330","1Q 코리아밸류업","24105","-15","-0.06","24116.91","24190","24455","23950","159436","3864463135","84367500000","0","3500000","코리아 밸류업 지수","2460.76","-3.35","-0.14"
"492500","1Q 현대차그룹채권(A+이상)&국고통안","51025","5","0.01","51034.26","51060","51065","51005","4111","209769537","95824950000","0","1878000","KIS 하나 현대차그룹채권(A+이상)&국고통안 총수익지수","11846.72","8.02","0.07"
"473440","ACE 11월만기자동연장회사채AA-이상액티브","10675","0","0.00","10678.15","10675","10677","10670","126326","1348247569","92872500000","0","8700000","KIS 11월 만기자동연장회사채(AA-이상) 총수익지수","122.02","0.08","0.07"
"105190","ACE 200","82310","-100","-0.12","82307.30","82385","83565","81850","482878","39917428391","1345768500000","0","16350000","코스피 200","814.59","-1.69","-0.21"
"332500","ACE 200TR","54850","-50","-0.09","54816.81","54885","55645","54500","70472","3870559075","115185000000","0","2100000","코스피 200 TR","1072.14","-2.22","-0.21"
"461270","ACE 26-06 회사채(AA-이상)액티브","11105","5","0.05","11114.72","11095","11110","11095","13061","145026230","166686050000","0","15010000","KIS 크레딧 2606만기형(AA-이상)지수(총수익지수)","124.50","0.06","0.05"
"475260","ACE 2월만기자동연장회사채AA-이상액티브","10590","-5","-0.05","10592.46","10595","10595","10590","6273","66431443","49878900000","0","4710000","KAP 2월 만기자동연장회사채(AA-이상) 총수익지수","121.04","0.06","0.05"
"385600","ACE 2차전지&친환경차액티브","10120","-195","-1.89","10106.94","10140","10255","10080","38880","395370309","20240000000","0","2000000","FnGuide 친환경 자동차 밸류체인 지수","1808.77","-45.73","-2.47"
"475270","ACE 5월만기자동연장회사채AA-이상액티브","10570","5","0.05","10570.26","10575","10575","10570","6276","66337540","44182600000","0","4180000","KIS 5월 만기자동연장회사채(AA-이상) 총수익지수","119.61","0.06","0.05"
"475280","ACE 8월만기자동연장회사채AA-이상액티브","10555","0","0.00","10560.83","10565","10565","10555","306614","3237839888","80006900000","0","7580000","KAP 8월 만기자동연장회사채(AA-이상) 총수익지수","121.25","0.06","0.05"
"469150","ACE AI반도체포커스","38890","-320","-0.82","38814.05","38885","39430","38590","854145","33318951218","369455000000","0","9500000","FnGuide AI 반도체 포커스 지수(시장가격)","4868.58","-70.88","-1.43"
"0079X0","ACE BYD밸류체인액티브","12675","-5","-0.04","12665.02","12680","12715","12535","24252","306714270","3802500000","0","300000","Bloomberg BYD Plus Top Supply Chain Select Price Return Index","2889.42","-4.19","-0.14"
"385590","ACE ESG액티브","17755","-145","-0.81","17831.17","18000","18080","17755","2413","43303110","39061000000","0","2200000","MSCI Korea Country ESG Leaders Custom Capped Price return Index","3426.77","-16.39","-0.48"
"0010E0","ACE FTSE WGBI Korea","93560","170","0.18","93631.43","93635","93635","93560","62","5803770","4490880000","0","48000","FTSE Korean Government Bond Index(TR)","199.12","0.53","0.27"
"226380","ACE Fn성장소비주도주","7225","-40","-0.55","7222.77","7265","7295","7200","638","4614420","5057500000","0","700000","FnGuide 성장소비주도 지수","2392.91","-27.61","-1.14"
"475050","ACE KPOP포커스","12340","-115","-0.92","12384.73","12390","12755","12320","1143494","14334454655","195589000000","0","15850000","iSelect K-POP 포커스지수(시장가격)","3097.15","-29.59","-0.95"
"411060","ACE KRX금현물","32420","-630","-1.91","32302.84","32020","32630","31790","3424416","110880342360","4914872000000","0","151600000","KRX 금현물지수","5408.27","-114.35","-2.07"
"291130","ACE MSCI멕시코(합성)","19955","-335","-1.65","20111.58","20285","20285","19935","1759","35167540","17959500000","0","900000","MSCI MEXICO IMI 25/50 Price return Index","14395.16","126.11","0.88"
"256440","ACE MSCI인도네시아(합성)","8285","-30","-0.36","8332.59","8315","8320","8265","14727","122005106","36454000000","0","4400000","MSCI Indonesia Index","6084.38","-82.77","-1.34"
"261920","ACE MSCI필리핀(합성)","14260","-60","-0.42","14233.00","14300","14400","14120","371","5319847","5704000000","0","400000","MSCI Philippines IMI Index","1637.76","-24.24","-1.46"
"0021D0","ACE TDF2030액티브","11190","-75","-0.67","11096.30","11265","11265","11120","7508","84172820","15666000000","0","1400000","Bloomberg Multi Asset Target-date 2030 KRW Index","2752.94","-4.19","-0.15"
"0021E0","ACE TDF2050액티브","12210","-165","-1.33","12126.95","12345","12345","12190","104511","1277407194","54334500000","0","4450000","Bloomberg Multi Asset Target-date 2050 KRW Index","3414.61","-15.00","-0.44"
"0139P0","ACE 고배당주","14490","290","2.04","14460.31","14355","14697","14215","234867","3405516072","58684500000","0","4050000","KRX-Akros 고배당주 20 지수","3611.99","58.08","1.63"
"225130","ACE 골드선물 레버리지(합성 H)","68200","-2910","-4.09","68463.23","66625","69095","66625","12860","875388498","40920000000","0","600000","S&P GSCI GOLD Index Excess Return","304.09","5.90","1.98"
"483340","ACE 구글밸류체인액티브","16560","-265","-1.58","16536.27","16500","16595","16480","678833","11236996803","185472000000","0","11200000","KEDI 글로벌 AI 클라우드 지수","5735.20","0.00","0.00"
"365780","ACE 국고채10년","85455","315","0.37","85372.53","85300","85540","85235","14142","1207810757","431376840000","0","5048000","KIS 10년 국고채 지수 (총수익)","16182.81","51.07","0.32"
"114460","ACE 국고채3년","101935","10","0.01","101992.48","101985","102015","101935","1778","181272690","12232200000","0","120000","KTB INDEX(시장가격)","10299.83","7.11","0.07"
"494340","ACE 글로벌AI맞춤형반도체","12720","-470","-3.56","12764.01","13095","13095","12705","6020","76694464","9540000000","0","750000","Solactive AI Custom Semiconductor Index(PR)","6085.80","89.51","1.49"
"446770","ACE 글로벌반도체TOP4 Plus","58165","-465","-0.79","57767.21","58625","58625","57945","336426","19585015587","982988500000","0","16900000","Solactive Global Semiconductor TOP4 Plus Price Return Index","10299.32","-148.42","-1.42"
"435040","ACE 글로벌브랜드TOP10","19300","-215","-1.10","19347.29","19390","19410","19225","407","7864107","12545000000","0","650000","Bloomberg Global Select Industry Leaders TOP10 Index(PR)","4758.76","-30.42","-0.64"
"497510","ACE 글로벌빅파마","13050","140","1.08","13094.74","12915","13055","12915","2039","26557154","9135000000","0","700000","Solactive Global Big Pharma Index (Price Return)","2230.50","16.71","0.75"
"460960","ACE 글로벌인컴TOP10","11815","0","0.00","11729.96","11735","11815","11720","155361","1828507077","84477250000","0","7150000","Solactive Global Superior Income TOP 10 Price Return Index","810.85","2.62","0.32"
"414270","ACE 글로벌자율주행액티브","12935","-155","-1.18","12964.38","13070","13070","12880","263725","3420091954","38805000000","0","3000000","FactSet US-China Electric&Autonomous Vehicle Price Return Index","333.86","0.50","0.15"
"440640","ACE 단기채권알파액티브","110790","15","0.01","110786.87","110760","110790","110760","2195","243176080","65366100000","0","590000","KIS 단기채권알파AA-이상 총수익지수","122.15","0.07","0.06"
"190620","ACE 단기통안채","100660","20","0.02","100666.44","100655","100670","100655","9486","954915865","242489940000","0","2409000","KIS MSB 단기지수(총수익)","13014.86","5.53","0.04"
"494330","ACE 라이프자산주주가치액티브","21485","120","0.56","21430.87","21475","21790","21400","77338","1668874695","71974750000","0","3350000","FnGuide 기업가치 지수(시장가격)","3108.73","24.21","0.78"
"265690","ACE 러시아MSCI(합성)","8535","0","0.00","48.05","0","0","0","0","0","15789750000","0","1850000","MSCI Russia 25% Capped Price Return Index",,,
"152500","ACE 레버리지","34280","-75","-0.22","34192.79","34320","35315","33830","129704","4478544669","41136000000","0","1200000","코스피 200","814.59","-1.69","-0.21"
"0153P0","ACE 리츠부동산인프라액티브","10425","-10","-0.10","10463.98","10445","10485","10405","417298","4366795933","11988750000","0","1150000","FnGuide 맥쿼리인프라 배당 리츠 지수 (시장가격)","909.18","0.45","0.05"
"483330","ACE 마이크로소프트밸류체인액티브","11635","-235","-1.98","11514.67","11695","11700","11630","36295","423160376","14543750000","0","1250000","KEDI 글로벌생성형AI 지수","3505.95","0.00","0.00"
"487340","ACE 머니마켓액티브","103955","10","0.01","103958.38","103960","103975","103950","111205","11560308093","523517380000","0","5036000","MK-KAP 머니마켓 총수익지수","119.34","0.05","0.04"
"0085P0","ACE 미국10년국채액티브","10685","95","0.90","10688.36","10670","10690","10650","188094","2007376304","97233500000","0","9100000","ICE U.S. Treasury 7-10 Year Bond Index (Total Return)","116.18","0.42","0.36"
"0085N0","ACE 미국10년국채액티브(H)","10180","30","0.30","10189.02","10190","10200","10180","34214","348650866","118088000000","0","11600000","ICE U.S. Treasury 7-10 Year Bond Index (Total Return)","116.18","0.42","0.36"
"452250","ACE 미국30년국채선물레버리지(합성 H)","5530","115","2.12","5562.39","5470","5565","5470","108402","601187433","68295500000","0","12350000","S&P Ultra T-Bond Futures Index(ER)","112.95","0.50","0.44"
"476760","ACE 미국30년국채액티브","10090","150","1.51","10104.29","10085","10095","10055","468778","4723436390","314808000000","0","31200000","Bloomberg U.S Treasury 20+ Year Total Return Index","608.59","2.84","0.47"
"453850","ACE 미국30년국채액티브(H)","7750","75","0.98","7778.23","7765","7775","7745","3646545","28286120325","2010350000000","0","259400000","Bloomberg U.S Treasury 20+ Year Total Return Index","608.59","2.84","0.47"
"476750","ACE 미국30년국채엔화노출액티브(H)","8855","155","1.78","8875.21","8880","8885","8835","377818","3347614535","102718000000","0","11600000","Bloomberg U.S. Treasury 20+ Year Total Return Index T1530 JPY Currency Hedged","113.32","1.48","1.32"
"480030","ACE 미국500데일리타겟커버드콜(합성)","10300","-215","-2.04","10351.98","10400","10435","10300","212519","2195974902","150380000000","0","14600000","Bloomberg US 500 Large Cap Premium Decrement 15% Distribution Index","1087.88","2.44","0.22"
"0118Z0","ACE 미국AI테크핵심산업액티브","7695","-270","-3.39","7664.16","7795","7795","7630","386607","2976959183","119657250000","0","15550000","Akros U.S. AI Innovator Price Return Index","16688.67","0.00","0.00"
"280320","ACE 미국IT인터넷(합성 H)","17775","-770","-4.15","17828.55","18545","18545","17770","208","3700497","14220000000","0","800000","다우존스 인터넷 종합지수","1084.00","9.46","0.88"
"360200","ACE 미국S&P500","24690","-445","-1.77","24761.44","24725","24785","24665","985003","24349172180","3246735000000","0","131500000","S&P 500","6836.17","3.41","0.05"
"438080","ACE 미국S&P500미국채혼합50액티브","13745","-75","-0.54","13731.49","13770","13770","13695","612135","8409142019","898923000000","0","65400000","S&P 500 and Short-Term Treasury 50/50 Blend Index","275.64","0.12","0.04"
"0155M0","ACE 미국SMR원자력TOP10","8790","-330","-3.62","8705.43","8955","8955","8660","458708","4020691342","26809500000","0","3050000","Solactive US SMR Nuclear TOP 10 Index (Price Return)","5479.57","90.23","1.67"
"309230","ACE 미국WideMoat동일가중","30570","-455","-1.47","30686.68","31020","31020","30520","17732","542685113","140622000000","0","4600000","MorningStar Wide Moat Focus Index","16167.95","162.40","1.01"
"367380","ACE 미국나스닥100","27095","-610","-2.20","27188.79","27150","27390","27075","1273174","34572044376","2595701000000","0","95800000","NASDAQ 100","24732.73","45.12","0.18"
"438100","ACE 미국나스닥100미국채혼합50액티브","14380","-145","-1.00","14403.33","14455","14455","14365","517831","7452690450","602522000000","0","41900000","NASDAQ-100 US T-Bills 50/50 Index","1899.53","0.00","0.00"
"456880","ACE 미국달러SOFR금리(합성)","12445","40","0.32","12461.59","12410","12460","12405","81684","1015449511","353935800000","0","28440000","Solactive SOFR Daily Total Return Index","1231.96","0.12","0.01"
"440650","ACE 미국달러단기채권액티브","11955","35","0.29","11939.37","11910","11955","11905","78137","932391700","44233500000","0","3700000","Bloomberg Short-Term Treasury Total Return Index","150.43","0.03","0.02"
"0127M0","ACE 미국대형가치주액티브","10920","-160","-1.44","10939.02","11180","11180","10855","51516","562804940","129948000000","0","11900000","CRSP US Large Cap Value Index(PR)","3511.41","26.38","0.76"
"0127P0","ACE 미국대형성장주액티브","9475","-230","-2.37","9479.39","9700","9700","9470","14169","134572188","586502500000","0","61900000","CRSP US Large Cap Growth Index(PR)","6246.71","-30.05","-0.48"
"480040","ACE 미국반도체데일리타겟커버드콜(합성)","13955","-260","-1.83","13865.02","14030","14135","13930","107370","1502955465","106058000000","0","7600000","Bloomberg US Listed Semiconductor Premium Decrement 15% Distribution Index","1821.84","17.11","0.95"
"402970","ACE 미국배당다우존스","14580","-240","-1.62","14607.44","14650","14660","14580","461088","6744578059","743580000000","0","51000000","Dow Jones U.S. Dividend 100 Price Return Index","6682.98","52.78","0.80"
"0046Y0","ACE 미국배당퀄리티","12335","-165","-1.32","12311.55","12450","12450","12215","39976","493398368","49956750000","0","4050000","WisdomTree U.S. Quality Dividend Growth Index (Price Return)","785.13","0.98","0.13"
"0049M0","ACE 미국배당퀄리티+커버드콜액티브","11600","-20","-0.17","11526.70","11620","11680","11500","85671","992103904","81200000000","0","7000000","Bloomberg WisdomTree U.S. Quality Dividend & B500 Premium Decrement 50:50 Index","1275.35","2.21","0.17"
"0049K0","ACE 미국배당퀄리티채권혼합50","11120","-60","-0.54","11055.84","11235","11235","11005","21823","242453969","18904000000","0","1700000","Bloomberg WisdomTree U.S. Quality Dividend & Short Term KRW Bonds 50:50 TR Index","1965.19","-8.03","-0.41"
"181480","ACE 미국부동산리츠(합성 H)","82985","-355","-0.43","83275.31","83340","83340","82985","478","39778798","9958200000","0","120000","Dow Jones U.S. Real Estate Index","1880.96","0.00","0.00"
"480020","ACE 미국빅테크7+데일리타겟커버드콜(합성)","11670","-350","-2.91","11756.43","11845","11845","11610","180567","2115154963","178551000000","0","15300000","Bloomberg US Big Tech Top 7 Plus Premium Decrement 15% Distribution Index","1845.29","-19.91","-1.07"
"465580","ACE 미국빅테크TOP7 Plus","21170","-620","-2.85","21300.08","21260","21305","21160","1418374","30117373353","982288000000","0","46400000","Solactive US Big Tech Top 7 Plus Price Return Index","33099.91","-424.66","-1.27"
"465610","ACE 미국빅테크TOP7 Plus레버리지(합성)","34295","-2050","-5.64","34508.10","35880","35880","34240","60906","2100732041","109744000000","0","3200000","Solactive US Big Tech Top 7 Plus Price Return Index","33099.91","-424.66","-1.27"
"465620","ACE 미국빅테크TOP7 Plus인버스(합성)","7650","210","2.82","7636.06","7610","7685","7595","1914","14653685","1912500000","0","250000","Solactive US Big Tech Top 7 Plus Price Return Index","33099.91","-424.66","-1.27"
"473590","ACE 미국주식베스트셀러","19000","-545","-2.79","19111.53","19220","19220","19000","38523","734186826","62700000000","0","3300000","FnGuide 미국 주식 베스트셀러 지수(시장가격지수)","9600.66","0.00","0.00"
"0008E0","ACE 미국중심중소형제조업","13285","-355","-2.60","13358.57","13405","13405","13285","4010","53435261","15277750000","0","1150000","NYSE FactSet US Focus Manufacturing Index(Price Return)","359.81","5.17","1.46"
"391600","ACE 미국친환경그린테마","11615","-350","-2.93","11804.06","11965","11965","11525","1723","19971182","8711250000","0","750000","Indxx US Green Infrastructure Price return Index","3498.25","26.97","0.78"
"455660","ACE 미국하이일드액티브(H)","9775","-15","-0.15","9749.60","9770","9775","9760","70259","686636653","47897500000","0","4900000","Markit iBoxx USD Liquid High Yield Total Return Index","396.29","0.07","0.02"
"245710","ACE 베트남VN30(합성)","31315","20","0.06","31795.54","31270","31390","31175","45142","1410591808","322544500000","0","10300000","VN30 Index(PR)","2018.64","2.17","0.11"
"131890","ACE 삼성그룹동일가중","32740","-310","-0.94","32782.11","33060","33060","32625","1082","35667552","13096000000","0","400000","MKF SAMs EW 지수","32328.05","-323.49","-0.99"
"108450","ACE 삼성그룹섹터가중","30075","-185","-0.61","30100.38","30370","30450","29970","21643","652395602","84210000000","0","2800000","MKF SAMs SW","29655.55","-249.96","-0.84"
"316300","ACE 싱가포르리츠","14780","-230","-1.53","14675.10","14845","14855","14700","2787","41276430","7390000000","0","500000","Morningstar Singapore REIT Yield Focus Index(PR)","1301.89","-6.59","-0.50"
"277540","ACE 아시아TOP50","27140","-90","-0.33","27224.83","28005","28005","27100","3652","99795750","21712000000","0","800000","S&P ASIA50 Price Return Index","7786.35","-13.87","-0.18"
"483420","ACE 애플밸류체인액티브","16790","-510","-2.95","16807.86","16705","16930","16705","38424","646847107","23506000000","0","1400000","Bloomberg Top 30 Supply Chain Plus Apple Price Return Index","3901.24","-51.08","-1.29"
"483320","ACE 엔비디아밸류체인액티브","17360","-260","-1.48","17237.84","17220","17475","17200","151089","2620573911","204848000000","0","11800000","KEDI 글로벌AI반도체 지수","7996.78","0.00","0.00"
"448540","ACE 엔비디아채권혼합","25110","-140","-0.55","25175.30","25110","25240","25105","82933","2085165518","263655000000","0","10500000","Bloomberg Blended NVIDIA Equity and Korean Bond Index","9534.71","-36.93","-0.39"
"0099L0","ACE 우량회사채(AA-이상)액티브","99045","55","0.06","99099.18","99100","99100","99045","9875","978431681","134800245000","0","1361000","KIS 1~3년 우량크레딧(AA-이상) 총수익지수","117.51","0.08","0.07"
"433500","ACE 원자력TOP10","57905","-135","-0.23","57806.78","57550","59245","56980","221929","12926983432","220039000000","0","3800000","DeepSearch 원자력 TOP 10지수","5814.07","-38.16","-0.65"
"0102X0","ACE 유럽방산TOP10","10455","-50","-0.48","10468.95","10150","10505","10120","12685","132534310","10977750000","0","1050000","NYSE FactSet Europe Defense TOP10 Index (Price Return)","696.81","12.01","1.75"
"487920","ACE 인도시장대표BIG5그룹액티브","8790","-100","-1.12","8815.50","8885","8910","8765","3540","31309940","9669000000","0","1100000","Indxx India Big 5 Conglomerates Index (Price Return)","4680.17","-73.70","-1.55"
"487910","ACE 인도컨슈머파워액티브","9370","-15","-0.16","9411.15","9505","9505","9305","11378","106529644","12181000000","0","1300000","Indxx India Super Consumption Index (Price Return)","3459.41","-19.11","-0.55"
"145670","ACE 인버스","2220","-5","-0.22","2229.56","2245","2245","2205","149752","331299760","3552000000","0","1600000","코스피 200 선물지수","4011.56","-9.11","-0.23"
"497520","ACE 일라이릴리밸류체인","12450","-200","-1.58","12520.59","12650","12650","12405","4704","58651520","8715000000","0","700000","Solactive Eli Lilly Value Chain Index(PR)","3223.26","-49.04","-1.50"
"238720","ACE 일본Nikkei225(H)","40860","-690","-1.66","40854.78","40800","41145","40660","17299","708678210","32688000000","0","800000","Nikkei 225","56941.97","-697.87","-1.21"
"196030","ACE 일본TOPIX레버리지(H)","79650","-2930","-3.55","79609.73","81110","81695","79610","3462","278841395","39825000000","0","500000","TOPIX","3818.85","-63.31","-1.63"
"205720","ACE 일본TOPIX인버스(합성 H)","1609","28","1.77","1633.52","1609","1609","1589","75363","120750433","6436000000","0","4000000","TOPIX","3818.85","-63.31","-1.63"
"469160","ACE 일본반도체","22070","180","0.82","22244.91","21770","22700","21760","110168","2435221325","11035000000","0","500000","Bloomberg Japan Semiconductor Select Top 25 Index(Price Return)","6116.42","18.07","0.30"
"0021C0","ACE 장기자산배분액티브","12950","-250","-1.89","12868.03","13130","13130","12840","6886","89478835","12950000000","0","1000000","Bloomberg Multi Asset Target-date 2080 KRW Index","4035.34","-26.43","-0.65"
"356540","ACE 종합채권(AA-이상)액티브","104205","160","0.15","104235.01","104205","104325","104190","3470","361685480","1038923850000","0","9970000","KIS 종합채권 AA-이상 총수익 지수(Total return Index)","118.14","0.35","0.30"
"447430","ACE 주주환원가치주액티브","16925","115","0.68","16930.42","16810","16925","16650","47685","801911785","60930000000","0","3600000","FnGuide 올라운드 가치주 지수","1163.22","0.85","0.07"
"416090","ACE 중국과창판STAR50","11650","-165","-1.40","11922.94","11815","11970","11460","16238","191403696","15145000000","0","1300000","STAR 50 Index(Price Return)","1470.33","-10.67","-0.72"
"168580","ACE 중국본토CSI300","35105","-235","-0.66","35335.92","35340","35685","33655","2460","87094575","126378000000","0","3600000","CSI 300 Index","4660.41","-59.17","-1.25"
"219900","ACE 중국본토CSI300레버리지(합성)","4700","-70","-1.47","4724.22","4810","4810","4610","7961","37330100","7520000000","0","1600000","CSI 300 Index","4660.41","-59.17","-1.25"
"272910","ACE 중장기국공채액티브","106470","-5","0.00","106547.45","106525","106530","106470","13","1384460","65691990000","0","617000","KIS 종합채권국공채1-10Y지수","155.27","0.25","0.16"
"0087F0","ACE 차이나AI빅테크TOP2+액티브","11030","-25","-0.23","11103.99","10800","11120","10800","4713","51832605","13236000000","0","1200000","Solactive China AI Big Tech TOP2+ Index (Price Return)","1810.62","-11.93","-0.65"
"371870","ACE 차이나항셍테크","8225","-105","-1.26","8314.16","8165","8320","8155","40419","333365905","15627500000","0","1900000","Hang Seng TECH Index","5360.42","-48.56","-0.90"
"380340","ACE 코리아AI테크핵심산업","17435","-400","-2.24","17466.14","17715","17720","17435","6655","116899000","8717500000","0","500000","FnGuide 코리아AI테크핵심산업지수 (Price Return)","3488.74","-64.78","-1.82"
"496120","ACE 코리아밸류업","24530","80","0.33","24483.04","24555","24830","24360","2310","56907525","19624000000","0","800000","코리아 밸류업 지수","2458.82","-5.29","-0.21"
"354500","ACE 코스닥150","19105","-370","-1.90","19116.66","19255","19380","19020","838187","16043522145","225439000000","0","11800000","코스닥 150","1902.19","-44.31","-2.28"
"305050","ACE 코스피","57550","105","0.18","57498.68","57445","58265","57230","11856","685755947","31652500000","0","550000","코스피","5507.01","-15.26","-0.28"
"457480","ACE 테슬라밸류체인액티브","21030","-525","-2.44","21060.44","21005","21100","20930","1363601","28666905049","1243924500000","0","59150000","Bloomberg EV Supporters Plus Tesla Price Return Index","10743.18","-145.29","-1.33"
"469170","ACE 포스코그룹포커스","7295","-170","-2.28","7275.76","7340","7440","7240","875453","6408581207","112343000000","0","15400000","FnGuide 포스코그룹포커스 지수(시장가격)","3634.88","-123.84","-3.29"
"495710","BNK 26-06 특수채(AAA이상)액티브","51340","5","0.01","51332.98","51340","51340","51340","2","102680","108122040000","0","2106000","KAP 26-06 특수채 총수익 지수(AAA이상)","107.83","0.05","0.05"
"466810","BNK 2차전지양극재","7070","-190","-2.62","7053.12","7160","7170","7025","54285","385370355","9898000000","0","1400000","iSelect 2차전지양극재 지수","5484.59","-182.00","-3.21"
"457930","BNK 미래전략기술액티브","26245","45","0.17","26232.40","26470","26480","26085","617","16171280","9185750000","0","350000","iSelect 미래전략기술 지수 (PR)","5969.30","-51.42","-0.85"
"487750","BNK 온디바이스AI","19750","-190","-0.95","19835.01","19940","20200","19750","7764","154817445","55300000000","0","2800000","FnGuide 온디바이스AI 지수","5354.32","-48.57","-0.90"
"445690","BNK 주주가치액티브","28600","-70","-0.24","28516.03","28690","28785","28435","5343","153103310","25740000000","0","900000","FnGuide 주주가치 지수","3744.62","-10.74","-0.29"
"0120J0","BNK 카카오그룹포커스","11405","-200","-1.72","11372.59","11550","11555","11360","49744","568108818","12545500000","0","1100000","FnGuide 카카오그룹 포커스 지수","534.30","-13.81","-2.52"
"486240","DAISHIN343 AI반도체&인프라액티브","20305","85","0.42","20244.37","20220","20485","20150","12884","261018445","60915000000","0","3000000","FnGuide AI반도체&인프라 지수","7403.93","-81.75","-1.09"
"434960","DAISHIN343 K200","82560","-205","-0.25","82574.43","82655","83680","82245","1921","159487455","57792000000","0","700000","코스피 200","814.59","-1.69","-0.21"
"0098Z0","FOCUS 200","70040","115","0.16","69949.89","69925","70685","69760","2599","183601410","49028000000","0","700000","코스피 200","814.59","-1.69","-0.21"
"448570","FOCUS AI코리아액티브","26120","-115","-0.44","26241.52","26450","26565","26070","5476","144761317","49628000000","0","1900000","코스피","5507.01","-15.26","-0.28"
"285690","FOCUS ESG리더스","19650","-170","-0.86","19592.99","19715","19795","19515","941","18481880","11790000000","0","600000","KRX ESG Leaders 150","3008.11","-26.03","-0.86"
"0073X0","FOCUS 알리바바미국채커버드콜혼합","11270","-20","-0.18","11264.26","11290","11290","11200","967","10890740","10706500000","0","950000","KEDI 알리바바미국채커버드콜혼합지수(TR)","1228.65","-4.78","-0.39"
"293180","HANARO 200","82175","-55","-0.07","82115.48","82105","83360","81650","116276","9572494975","599877500000","0","7300000","코스피 200","814.59","-1.69","-0.21"
"407310","HANARO 200 TOP10","15365","285","1.89","15345.16","15355","15505","15240","21090","324638864","21511000000","0","1400000","코스피 200 Top 10 지수","2376.23","-14.27","-0.60"
"332930","HANARO 200TR","106865","-60","-0.06","106828.37","107050","108405","106340","9106","978548875","187013750000","0","1750000","코스피 200 TR","1072.14","-2.22","-0.21"
"304780","HANARO 200선물레버리지","94555","-25","-0.03","93993.80","94290","97140","93305","3939","373536160","94555000000","0","1000000","코스피 200 선물지수","4011.56","-9.11","-0.23"
"306520","HANARO 200선물인버스","4140","5","0.12","4140.49","4135","4160","4080","10590","43549480","1449000000","0","350000","코스피 200 선물지수","4011.56","-9.11","-0.23"
"0123S0","HANARO 26-12 은행채(AA+이상)액티브","10050","20","0.20","10045.64","10055","10055","10035","233","2338710","61807500000","0","6150000","KIS 은행채2612만기형 지수","108.87","0.08","0.07"
"0091M0","HANARO 27-06 회사채(AA-이상)액티브","10040","0","0.00","10042.32","10050","10050","10040","209","2099500","103612800000","0","10320000","KIS 회사채(AA-이상)2706만기형지수(총수익)","108.16","0.09","0.08"
"448490","HANARO 32-10 국고채액티브","54935","170","0.31","54931.48","54875","54965","54830","1739","95500420","21314780000","0","388000","KAP 32-10 국고채 10년 총수익지수","110.08","0.48","0.44"
"454320","HANARO CAPEX설비투자iSelect","41255","-330","-0.79","41183.22","40875","41820","40845","13010","537479722","101074750000","0","2450000","iSelect CAPEX 설비투자 지수(시장가격)","5923.30","-74.35","-1.24"
"395290","HANARO Fn K-POP&미디어","9345","-95","-1.01","9361.49","9360","9630","9315","280655","2652036740","81301500000","0","8700000","FnGuide K-POP & 미디어 지수","893.24","-12.38","-1.37"
"395280","HANARO Fn K-게임","4030","-80","-1.95","4051.94","4150","4150","4030","25688","105344722","11687000000","0","2900000","FnGuide K-게임 지수","787.02","-13.58","-1.70"
"368190","HANARO Fn K-뉴딜디지털플러스","8955","-195","-2.13","8971.44","9055","9055","8940","10089","90852067","37611000000","0","4200000","FnGuide K-뉴딜 디지털 플러스 지수","2162.10","-41.31","-1.87"
"402460","HANARO Fn K-메타버스MZ","10025","-40","-0.40","10042.37","10020","10165","10010","5568","56109810","7017500000","0","700000","FnGuide K-메타버스 MZ 지수(시장가격)","1613.16","2.26","0.14"
"395270","HANARO Fn K-반도체","29705","-180","-0.60","29704.34","29740","30150","29580","4196135","125607357613","1509014000000","0","50800000","FnGuide K-반도체 지수","8895.21","-121.53","-1.35"
"438900","HANARO Fn K-푸드","12770","-30","-0.23","12772.06","12810","12890","12680","90498","1155974298","21709000000","0","1700000","FnGuide K-푸드 지수 (시장가격)","983.81","-6.81","-0.69"
"367740","HANARO Fn5G산업","27265","-895","-3.18","27200.05","27310","27565","27105","4642","126556565","14995750000","0","550000","FnGuide 5G 산업 지수","4609.14","-59.74","-1.28"
"407300","HANARO Fn골프테마","11665","-70","-0.60","11718.67","11705","11850","11665","616","7266780","6415750000","0","550000","FnGuide 골프 테마 지수","1233.95","-11.85","-0.95"
"381560","HANARO Fn전기&수소차","12600","-215","-1.68","12563.27","12765","12765","12515","4074","51363962","13860000000","0","1100000","FnGuide 전기&수소차 지수 (시장가격)","2853.39","-65.49","-2.24"
"441540","HANARO Fn조선해운","31300","-55","-0.18","31325.55","31145","31745","30815","51160","1597517067","111115000000","0","3550000","FnGuide 조선해운지수","5159.80","-20.01","-0.39"
"381570","HANARO Fn친환경에너지","10530","-230","-2.14","10546.57","10650","10685","10500","17730","187377537","8424000000","0","800000","FnGuide 친환경에너지 지수 (시장가격)","2037.32","-50.89","-2.44"
"479850","HANARO K-뷰티","16085","-155","-0.95","16121.63","16175","16275","15980","79908","1290636327","53080500000","0","3300000","FnGuide K-뷰티 지수","632.88","-6.55","-1.02"
"453060","HANARO KOFR금리액티브(합성)","109860","15","0.01","109833.47","109865","109865","109855","162","17796620","12084600000","0","110000","KOFR 지수","1180.38","0.08","0.01"
"304760","HANARO KRX300","36820","160","0.44","36714.71","36805","37240","36615","181","6673958","14728000000","0","400000","KRX 300","3649.01","-9.78","-0.27"
"322410","HANARO K고배당","24150","255","1.07","24149.64","24160","24530","23895","40776","986800077","39847500000","0","1650000","FnGuide 고배당 알파 지수","3616.39","33.09","0.92"
"332940","HANARO MSCI Korea TR","35590","290","0.82","35508.14","35510","36015","35395","736","26266315","85416000000","0","2400000","MSCI Korea TR Index","3594.14","-1.46","-0.04"
"322400","HANARO e커머스","13605","-135","-0.98","13570.08","13685","13775","13485","13321","181238680","55100250000","0","4050000","FnGuide E커머스 지수","2320.41","-39.84","-1.69"
"473640","HANARO 글로벌금채굴기업","37425","-1790","-4.56","37403.51","36990","37745","36950","132397","4960340737","121631250000","0","3250000","NYSE Arca Gold Miners Index (Price Return)","2958.08","104.13","3.65"
"354350","HANARO 글로벌럭셔리S&P(합성)","22340","50","0.22","22767.39","22955","22955","22285","2329","52045145","17201800000","0","770000","S&P Global Luxury Index","4773.66","-41.50","-0.86"
"461340","HANARO 글로벌생성형AI액티브","29335","-685","-2.28","29524.37","29720","29720","29250","11863","348825717","42535750000","0","1450000","Solactive United States Technology 100 Index(Price Return)","15334.52","-75.05","-0.49"
"424460","HANARO 글로벌워터MSCI(합성)","16700","45","0.27","16686.45","16685","16735","16590","1422","23724385","10020000000","0","600000","MSCI ACWI IMI Water ESG Filtered (Price Return)","2627.41","17.08","0.65"
"401590","HANARO 글로벌탄소배출권선물ICE(합성)","10100","-495","-4.67","10057.36","9940","10115","9940","19902","199921735","5151000000","0","510000","ICE Global Carbon Futures Index(Excess Return)","564.85","-11.38","-1.98"
"0040S0","HANARO 글로벌피지컬AI액티브","17810","-185","-1.03","17832.87","17995","17995","17740","37595","669669415","38291500000","0","2150000","Solactive Physical AI Index","14725.22","69.48","0.47"
"314700","HANARO 농업융복합산업","11975","-70","-0.58","11951.31","12035","12050","11890","1807","21641945","6586250000","0","550000","FnGuide 농업융복합산업 지수(시장가격)","1486.48","-13.01","-0.87"
"486830","HANARO 머니마켓액티브","52405","10","0.02","52402.91","52405","52405","52390","14904","780892945","50308800000","0","960000","KIS-NH Amundi MMF지수","118.11","0.05","0.04"
"432840","HANARO 미국S&P500","18375","-325","-1.74","18424.16","18400","18425","18350","3407","62610355","14700000000","0","800000","S&P 500","6836.17","3.41","0.05"
"498050","HANARO 바이오코리아액티브","16480","-225","-1.35","16432.90","16450","16515","16310","18797","308638379","18128000000","0","1100000","iSelect K-바이오헬스케어","1521.17","-16.67","-1.08"
"476260","HANARO 반도체핵심공정주도주","11835","-335","-2.75","11815.05","11885","12080","11760","214334","2548461113","29587500000","0","2500000","FnGuide 반도체 핵심공정 지수","1626.83","-67.50","-3.98"
"434730","HANARO 원자력iSelect","63300","-475","-0.74","63286.59","63000","64580","62350","709773","45269488315","689970000000","0","10900000","iSelect 원자력지수 (시장가격)","5896.56","-40.76","-0.69"
"0082F0","HANARO 유럽방산","11270","-95","-0.84","11322.60","11375","11375","11245","8828","99434423","9579500000","0","850000","Stoxx 유럽 방산 지수","566.80","14.15","2.56"
"491820","HANARO 전력설비투자","35940","-360","-0.99","35860.27","35855","36455","35480","136401","4908886062","98835000000","0","2750000","iSelect 전력설비투자 지수","9355.66","-131.27","-1.38"
"461500","HANARO 종합채권(AA-이상)액티브","108000","35","0.03","108070.40","108015","108155","107995","375","40539780","83052000000","0","769000","KAP 종합채권 총수익지수(AA-이상)","117.80","0.35","0.30"
"0111J0","HANARO 증권고배당TOP3플러스","17545","1415","8.77","17479.41","16740","18055","16400","1500031","26168717901","63162000000","0","3600000","FnGuide 증권 고배당 TOP3 플러스 지수","6574.51","526.74","8.71"
"495750","HANARO 코리아밸류업","24160","105","0.44","24121.12","24090","24480","24055","609","14798010","51944000000","0","2150000","코리아 밸류업 지수","2458.82","-5.29","-0.21"
"304770","HANARO 코스닥150","18950","-350","-1.81","18959.39","19085","19185","18830","66480","1260763900","26530000000","0","1400000","코스닥 150","1902.19","-44.31","-2.28"
"306530","HANARO 코스닥150선물레버리지","16745","-665","-3.82","16785.65","17090","17240","16585","48378","812242990","6363100000","0","380000","F-코스닥150 지수","2205.74","-42.48","-1.89"
"375760","HANARO 탄소효율그린뉴딜","19125","-30","-0.16","19080.55","19125","19330","18985","3543","67705390","17212500000","0","900000","KRX/S&P 탄소효율 그린뉴딜지수","3242.09","-10.96","-0.34"
"491700","HK 200","82645","445","0.54","82592.30","82480","83765","82100","2658","220610320","70248250000","0","850000","코스피 200","814.59","-1.69","-0.21"
"0000Y0","HK 26-12 회사채(AA-이상)액티브","100375","25","0.02","100393.35","0","0","0","0","0","121453750000","0","1210000","KAP 26-12 크레딧 채권 총수익지수(AA-이상)","108.61","0.08","0.07"
"215620","HK S&P코리아로우볼","18970","380","2.04","18951.59","18855","19000","18855","349","6628365","11951100000","0","630000","S&P Korea 저변동성 지수","14343.39","125.34","0.88"
"0113P0","HK 머니마켓액티브","100800","10","0.01","100790.67","0","0","0","0","0","52214400000","0","518000","KAP 머니마켓 지수(총수익)","115.44","0.05","0.04"
"391670","HK 베스트일레븐액티브","21055","315","1.52","20988.76","20740","21295","20740","1775","36870587","20002250000","0","950000","코스피 200","815.03","-1.25","-0.15"
"472920","HK 종합채권(AA-이상)액티브","101120","105","0.10","101163.52","101090","101120","101090","41","4144720","188184320000","0","1861000","KAP 종합채권 AA- 이상 지수(총수익)","117.64","0.36","0.31"
"472840","ITF 200","81590","-265","-0.32","81581.66","82245","82550","81200","1092","89693205","22437250000","0","275000","코스피 200","814.59","-1.69","-0.21"
"0005G0","ITF K-AI반도체코어테크","26330","-200","-0.75","26318.30","26530","26850","26305","26834","712282617","38178500000","0","1450000","FnGuide K-AI반도체 코어테크 지수","5502.60","-74.88","-1.34"
"0135Y0","ITF 중기종합채권(AA-이상)액티브","100220","50","0.05","100206.50","0","0","0","0","0","107235400000","0","1070000","KIS 중기종합채권 (1~5Y, AA-이상, 총수익)","112.28","0.10","0.09"
"483570","KCGI 미국S&P500 TOP10","14485","-365","-2.46","14543.07","14550","14550","14475","11301","163943565","23176000000","0","1600000","S&P500 Top10 25% Capped Index(PR)","7917.16","-103.03","-1.28"
"069660","KIWOOM 200","81750","-40","-0.05","81734.96","81725","82990","81240","559217","45843499075","731662500000","0","8950000","코스피 200","815.03","-1.25","-0.15"
"294400","KIWOOM 200TR","106775","-110","-0.10","106723.19","106700","108355","106100","193774","20745971058","1633657500000","0","15300000","코스피 200 TR","1072.14","-2.22","-0.21"
"253250","KIWOOM 200선물레버리지","75950","-460","-0.60","75948.22","76145","78430","75250","64910","4968142275","37215500000","0","490000","코스피 200 선물지수","4011.56","-9.11","-0.23"
"253240","KIWOOM 200선물인버스","2315","5","0.22","2299.03","2315","2315","2265","51427","118206845","2083500000","0","900000","코스피 200 선물지수","4011.56","-9.11","-0.23"
"253230","KIWOOM 200선물인버스2X","326","0","0.00","320.31","327","330","317","217657","70301433","2627560000","0","8060000","코스피 200 선물지수","4011.56","-9.11","-0.23"
"464240","KIWOOM 26-09회사채(AA-이상)액티브","52600","65","0.12","52555.53","52545","52605","52540","113","5938090","201458000000","0","3830000","KIS 2609 만기형 크레딧 종합채권 지수(AA-이상)(총수익지수)","116.52","0.06","0.05"
"458210","KIWOOM CD금리액티브(합성)","108950","15","0.01","108893.54","108945","108955","108945","580","63191440","96420750000","0","885000","FnGuide CD91일 금리투자 지수(총수익)","1451.11","0.11","0.01"
"460280","KIWOOM Fn유전자혁신기술","13590","90","0.67","13578.59","13430","13590","13185","2616","34943324","5436000000","0","400000","FnGuide 유전자혁신기술 지수(시장가격)","1181.52","2.38","0.20"
"488200","KIWOOM K-2차전지북미공급망","13065","-155","-1.17","13132.41","13210","13335","13020","15083","197694065","7185750000","0","550000","Solactive K-Battery North America Supply Chain 지수","3263.11","-72.63","-2.18"
"488210","KIWOOM K-반도체북미공급망","17970","-275","-1.51","18001.83","18215","18300","17970","5020","90671020","3594000000","0","200000","Solactive K-Semiconductor North America Supply Chain 지수","3536.17","-75.55","-2.09"
"469790","KIWOOM K-테크TOP10","26365","-180","-0.68","26341.32","26530","26860","26320","2426","64500728","18455500000","0","700000","Solactive K-TechTOP10 Index(PR)","5230.94","-52.29","-0.99"
"100910","KIWOOM KRX100","12855","90","0.71","12833.95","12880","13030","12750","5346","68942174","26995500000","0","2100000","KRX 100","12795.29","-22.37","-0.17"
"435530","KIWOOM TDF2030액티브","14905","-100","-0.67","14918.37","14965","14965","14895","8134","121373405","7452500000","0","500000","Dow Jones Target 2030 Index (Total Return)","572.35","0.52","0.09"
"435540","KIWOOM TDF2040액티브","16495","-175","-1.05","16520.95","16695","16695","16495","2352","38839865","8247500000","0","500000","Dow Jones Target 2040 Index (Total Return)","759.11","0.93","0.12"
"435550","KIWOOM TDF2050액티브","16915","-175","-1.02","16935.52","16985","16985","16900","6659","112703045","8457500000","0","500000","Dow Jones Target 2050 Index (Total Return)","897.42","1.36","0.15"
"104530","KIWOOM 고배당","20690","840","4.23","20642.99","20280","20965","20120","91400","1883336513","52759500000","0","2550000","MKF 웰스 고배당20","20948.15","752.25","3.72"
"148070","KIWOOM 국고채10년","108290","395","0.37","108206.37","108190","108435","108055","109349","11836435810","491203440000","0","4536000","KIS 10년 국고채 지수 (총수익)","16182.81","51.07","0.32"
"167860","KIWOOM 국고채10년레버리지","100110","430","0.43","100021.75","100020","100250","99825","580","57999810","29031900000","0","290000","KIS 10년 국고채 지수 (총수익)","16182.81","51.07","0.32"
"471460","KIWOOM 국고채30년액티브","54730","420","0.77","54711.81","54600","54880","54585","5383","294606925","32838000000","0","600000","KIS-키움 국고채30년 지수(총수익지수)","8960.77","64.64","0.73"
"114470","KIWOOM 국고채3년","109170","20","0.02","109202.77","109245","109255","109170","15525","1695349470","45851400000","0","420000","KTB INDEX(시장가격)","10299.83","7.11","0.07"
"473490","KIWOOM 글로벌AI반도체","22480","-640","-2.77","22560.22","23120","23120","22470","5039","113592914","30348000000","0","1350000","Solactive Global AI Semiconductor Index (Price Return)","13530.40","-346.32","-2.50"
"489860","KIWOOM 글로벌전력GRID인프라","15355","-55","-0.36","15309.07","15485","15485","15270","6614","101543780","9213000000","0","600000","NASDAQ OMX Clean Edge Smart Grid Infrastructure Index","1440.13","-1.05","-0.07"
"394350","KIWOOM 글로벌퓨처모빌리티","15515","-380","-2.39","15704.49","15695","15695","15515","298","4633200","4654500000","0","300000","MSCI ACWI IMI 퓨처모빌리티 ESG 지수(시장가격)","3374.68","-54.19","-1.58"
"130730","KIWOOM 단기자금","101605","10","0.01","101611.22","101605","101620","101605","2475","251485095","128631930000","0","1266000","MK 머니마켓 지수(총수익)","14531.43","6.51","0.04"
"419890","KIWOOM 단기채권ESG액티브","106425","30","0.03","106422.51","106425","106425","106415","96","10216685","67047750000","0","630000","KIS ESG 9M~1.5Y","126.54","0.10","0.08"
"411860","KIWOOM 독일DAX","18115","-70","-0.38","18105.55","18190","18190","18090","2700","48997146","13586250000","0","750000","DAX Index(PR)","9310.80","1.94","0.02"
"476450","KIWOOM 머니마켓액티브","51925","10","0.02","51927.93","51890","51925","51890","9652","500907214","261390450000","0","5034000","KIS-키움 MMF지수(총수익지수)","117.84","0.05","0.04"
"430500","KIWOOM 물가채KIS","112885","190","0.17","112948.61","112850","112925","112827","146","16483932","11288500000","0","100000","KIS TIPS 지수(총수익)","14186.33","41.02","0.29"
"426330","KIWOOM 미국ETF산업STOXX","14755","-115","-0.77","14914.69","14870","14870","14660","413","6070505","2951000000","0","200000","STOXX USA ETF Industry Index (KRW)","301.32","2.93","0.98"
"449770","KIWOOM 미국S&P500","19595","-365","-1.83","19662.94","19635","19675","19590","12084","237157312","60744500000","0","3100000","S&P 500","6836.17","3.41","0.05"
"0127V0","KIWOOM 미국S&P500 TOP10&배당다우비중전환","9965","-220","-2.16","9993.23","9960","10010","9955","33945","338577434","12954500000","0","1300000","S&P500 TOP10 생애배당다우존스 2040 지수","709.06","-5.18","-0.73"
"0137W0","KIWOOM 미국S&P500&GOLD","9870","-180","-1.79","9895.02","9890","9910","9865","137251","1356398595","26649000000","0","2700000","S&P500 & S&P GSCI 금현물 90/10 혼합지수","5605.85","18.14","0.32"
"0127T0","KIWOOM 미국S&P500&배당다우존스비중전환","10390","-175","-1.66","10416.16","10425","10425","10385","10965","114024048","12468000000","0","1200000","S&P500 생애배당다우존스 2040 지수","545.60","1.34","0.25"
"449780","KIWOOM 미국S&P500(H)","16765","-365","-2.13","16805.70","16835","17130","16765","46833","787613347","33530000000","0","2000000","S&P 500","6836.17","3.41","0.05"
"0137V0","KIWOOM 미국S&P500모멘텀","9575","-195","-2.00","9608.34","9745","9745","9520","134183","1285270936","34470000000","0","3600000","S&P500 모멘텀 지수","2940.33","0.37","0.01"
"0107F0","KIWOOM 미국고배당&AI테크","10790","-195","-1.78","10855.78","10800","10810","10740","28213","304093180","28593500000","0","2650000","Akros 미국AI테크TOP10&미국고배당3070 지수","3328.59","0.00","0.00"
"453080","KIWOOM 미국나스닥100(H)","19375","-495","-2.49","19431.50","19475","19510","19375","27461","533292290","69750000000","0","3600000","NASDAQ 100","24732.73","45.12","0.18"
"460270","KIWOOM 미국달러SOFR금리액티브(합성)","12855","25","0.19","12857.16","12835","12867","12830","1838","23644581","10412550000","0","810000","Solactive SOFR Daily Total Return Index","1231.96","0.12","0.01"
"138230","KIWOOM 미국달러선물","16630","50","0.30","16665.49","16585","16650","16585","7112","118182425","27106900000","0","1630000","미국달러선물지수","1611.88","4.47","0.28"
"225800","KIWOOM 미국달러선물레버리지","16240","35","0.22","16297.95","16220","16245","16205","19","308190","10068800000","0","620000","미국달러선물지수","1611.88","4.47","0.28"
"139660","KIWOOM 미국달러선물인버스","8070","0","0.00","8058.06","8070","8070","8070","269","2170830","58507500000","0","7250000","미국달러선물지수","1611.88","4.47","0.28"
"230480","KIWOOM 미국달러선물인버스2X","4340","15","0.35","4344.66","4360","4360","4320","1753","7618530","10329200000","0","2380000","미국달러선물지수","1611.88","4.47","0.28"
"0084E0","KIWOOM 미국대형주500월간목표헤지액티브","9950","-65","-0.65","9969.85","9950","9960","9910","213","2115515","29850000000","0","3000000","Akros 미국대형주500 월간방어적배분 지수(TR)","3425.32","0.00","0.00"
"373790","KIWOOM 미국방어배당성장나스닥","16800","80","0.48","16742.86","16910","16910","16630","936","15620484","5712000000","0","340000","Nasdaq US Low Volatility Dividend Achievers Index","1376.09","10.94","0.80"
"483030","KIWOOM 미국블록버스터바이오테크의약품+","11600","-30","-0.26","11709.06","11630","11740","11595","4491","52404492","5800000000","0","500000","Solactive Blockbuster Biotech Drugs Index(PR)","2516.51","15.58","0.62"
"459790","KIWOOM 미국성장기업30액티브","18415","-420","-2.23","18457.35","18835","18835","18360","22033","405639465","24860250000","0","1350000","MSCI USA Index(Price Return)","6509.68","4.92","0.08"
"498270","KIWOOM 미국양자컴퓨팅","12205","-355","-2.83","12185.63","12180","12260","12160","266882","3258452844","234946250000","0","19250000","Solactive U.S. Quantum Computing Index(PR)","7218.78","140.59","1.99"
"474800","KIWOOM 미국원유에너지기업","14065","-485","-3.33","14134.73","14550","14550","14000","81958","1157628365","19691000000","0","1400000","MSCI US IMI Energy 25/50 Index(Price Return)","2067.75","18.84","0.92"
"0084D0","KIWOOM 미국테크100월간목표헤지액티브","10315","-85","-0.82","10404.44","10400","10405","10300","2947","30457550","9283500000","0","900000","Akros 미국테크100 월간방어적배분 지수(TR)","5788.80","0.00","0.00"
"104520","KIWOOM 블루칩","14740","50","0.34","14760.51","14780","14950","14645","1223","18150805","16214000000","0","1100000","MKF 블루칩","14803.22","25.87","0.18"
"0015E0","KIWOOM 엔비디아미국30년국채혼합액티브(H)","10675","10","0.09","10731.74","10685","10690","10675","3867","41286359","6405000000","0","600000","Bloomberg Blended NVIDIA and US Long Treasury Bond Index","7420.10","-24.94","-0.33"
"483020","KIWOOM 의료AI","13320","-235","-1.73","13402.78","13470","13490","13280","12132","161820041","8658000000","0","650000","FnGuide 의료AI 지수","2884.07","-55.28","-1.88"
"200250","KIWOOM 인도Nifty50(합성)","25180","-380","-1.49","25359.45","25300","25485","25165","14751","373359017","226620000000","0","9000000","Nifty 50 Index","25471.10","-336.10","-1.30"
"454780","KIWOOM 종합채권(AA-이상)액티브","102890","220","0.21","102883.78","102850","102940","102800","2389","245833135","487595710000","0","4739000","KIS 종합 채권시장지수(AA-이상)(총수익지수)","117.99","0.36","0.31"
"441330","KIWOOM 차이나A50커넥트MSCI","12490","-125","-0.99","12619.51","12565","12565","12490","149","1861120","3747000000","0","300000","MSCI China A50 Connect Index","2600.79","-38.04","-1.44"
"454180","KIWOOM 차이나내수소비TOP CSI","9230","-55","-0.59","9286.35","9160","9270","9140","1950","17856715","3692000000","0","400000","CSI SH-HK-SZ Consumer Top Index","2054.12","-11.13","-0.54"
"496090","KIWOOM 코리아밸류업","24190","140","0.58","24138.60","24220","24475","24000","19618","475781260","102807500000","0","4250000","코리아 밸류업 지수","2458.82","-5.29","-0.21"
"316670","KIWOOM 코스닥150","9470","-160","-1.66","9466.30","9555","9595","9400","398990","3782043859","64206600000","0","6780000","코스닥 150","1902.19","-44.31","-2.28"
"291630","KIWOOM 코스닥150선물레버리지","8350","-370","-4.24","8338.48","8510","8580","8270","84883","711053331","7097500000","0","850000","F-코스닥150 지수","2205.74","-42.48","-1.89"
"291620","KIWOOM 코스닥150선물인버스","4095","75","1.87","4091.83","4080","4115","4040","46137","188230330","2129400000","0","520000","F-코스닥150 지수","2205.74","-42.48","-1.89"
"153270","KIWOOM 코스피100","62310","110","0.18","62268.71","62200","63185","62000","11857","741114200","23677800000","0","380000","코스피 100","6255.88","-1.04","-0.02"
"122260","KIWOOM 통안채1년","102930","30","0.03","102933.56","102930","102930","102925","56","5764055","42201300000","0","410000","MK 통안채지수(총수익)","15116.86","6.79","0.04"
"0015F0","KIWOOM 팔란티어미국30년국채혼합액티브(H)","10135","-145","-1.41","10295.54","10130","10240","10120","59583","607129854","20270000000","0","2000000","Bloomberg Blended PALANTIR and US Long Treasury Bond Index","1743.12","14.82","0.86"
"0097L0","KIWOOM 한국고배당&미국AI테크","13085","240","1.87","13096.31","13085","13225","12570","43238","563383521","30749750000","0","2350000","Akros 미국AI테크TOP10&한국고배당3070 지수","5340.81","89.48","1.70"
"069500","KODEX 200","81860","-115","-0.14","81847.39","81785","83120","81350","18091482","1486833143906","16069118000000","0","196300000","코스피 200","814.59","-1.69","-0.21"
"226980","KODEX 200 중소형","24570","-70","-0.28","24507.53","24575","24825","24335","29209","719523019","19656000000","0","800000","코스피 200 중소형주지수","2437.10","-21.50","-0.87"
"337160","KODEX 200ESG","33525","-10","-0.03","33509.91","33535","33995","33405","52237","1760800100","77107500000","0","2300000","코스피 200 ESG 지수","994.30","-3.16","-0.32"
"363580","KODEX 200IT TR","30440","-215","-0.70","30389.71","30625","30990","30400","36585","1122782937","100452000000","0","3300000","코스피200 정보기술 TR","9239.97","-123.36","-1.32"
"278530","KODEX 200TR","29465","-20","-0.07","29441.37","29455","29900","29270","1815444","53655132335","5476070250000","0","185850000","코스피 200 TR","1072.14","-2.22","-0.21"
"337150","KODEX 200exTOP","24965","-5","-0.02","24894.17","24970","25235","24710","3723","93393720","17475500000","0","700000","코스피 200 초대형제외 지수","537.44","-5.16","-0.95"
"223190","KODEX 200가치저변동","24300","-75","-0.31","24255.24","24190","24585","24120","9183","223773629","24300000000","0","1000000","코스피 200 가치저변동성","11851.47","-30.76","-0.26"
"252650","KODEX 200동일가중","18960","10","0.05","18901.35","18950","19075","18715","3655","69192030","73944000000","0","3900000","코스피 200 동일가중지수","3794.83","-24.53","-0.64"
"360140","KODEX 200롱코스닥150숏선물","13495","285","2.16","13464.94","13390","13640","13380","152117","2061516835","32388000000","0","2400000","코스피200 롱 100% 코스닥150 숏 100% 선물지수","1173.89","19.26","1.67"
"284430","KODEX 200미국채혼합","19250","135","0.71","19173.12","19085","19390","19085","1586326","30532594940","1165780000000","0","60560000","코스피 200 미국채 혼합지수","4438.55","22.81","0.52"
"252670","KODEX 200선물인버스2X","320","0","0.00","321.24","322","325","310","3254134159","1035276664363","1276736000000","0","3989800000","코스피 200 선물지수","4011.56","-9.11","-0.23"
"494890","KODEX 200액티브","23665","-35","-0.15","23655.37","23655","24015","23505","1761329","41823887673","823542000000","0","34800000","코스피 200","815.03","-1.25","-0.15"
"498400","KODEX 200타겟위클리커버드콜","17380","30","0.17","17373.51","17315","17570","17260","9014487","157050985710","3116234000000","0","179300000","코스피 200 타겟 15% 위클리 커버드콜 지수","2496.76","-5.28","-0.21"
"0117L0","KODEX 26-12 금융채(AA-이상)액티브","10010","5","0.05","10005.79","10005","10010","10005","36245","362751402","2079577500000","0","207750000","KAP 26-12 금융채 총수익 지수(AA-이상)","109.16","0.08","0.07"
"473290","KODEX 26-12 회사채(AA-이상)액티브","10735","0","0.00","10738.34","10735","10740","10730","51428","552008860","541151350000","0","50410000","KAP 26-12 회사채 총수익 지수(AA-이상)","119.91","0.08","0.07"
"0007F0","KODEX 27-12 회사채(AA-이상)액티브","10095","5","0.05","10101.16","10095","10105","10090","14825","149701213","403800000000","0","40000000","KAP 27-12 회사채 총수익 지수(AA-이상)","108.97","0.08","0.07"
"0119H0","KODEX 28-12 회사채(AA-이상)액티브","9900","0","0.00","9900.81","9910","9915","9900","27564","273015625","178893000000","0","18070000","KAP 28-12 회사채 총수익 지수(AA- 이상)","102.91","0.09","0.09"
"305720","KODEX 2차전지산업","16970","-445","-2.56","16961.69","17140","17385","16920","3791881","64809778113","1844639000000","0","108700000","FnGuide 2차전지 산업 지수","2962.79","-99.94","-3.26"
"462330","KODEX 2차전지산업레버리지","1853","-116","-5.89","1858.09","1906","1938","1841","43829215","82375711347","715443300000","0","386100000","FnGuide 2차전지 산업 지수","2962.80","-99.93","-3.26"
"461950","KODEX 2차전지핵심소재10","6585","-205","-3.02","6571.10","6685","6755","6540","1752711","11598096367","249571500000","0","37900000","FnGuide 2차전지핵심소재10 지수","5845.39","-196.27","-3.25"
"457690","KODEX 33-06 국고채액티브","10710","30","0.28","10716.13","10705","10730","10700","20079","215157810","20456100000","0","1910000","KAP 33-06 국고채 총수익 지수","113.17","0.34","0.30"
"271060","KODEX 3대농산물선물(H)","8005","95","1.20","8004.20","7910","8050","7910","82878","663796060","24975600000","0","3120000","S&P GSCI Grains Select Index ER","16.55","-0.08","-0.49"
"457700","KODEX 53-09 국고채액티브","10630","70","0.66","10631.60","10595","10655","10595","19535","207836770","14244200000","0","1340000","KAP 53-09 국고채 총수익 지수","106.36","1.06","1.01"
"395160","KODEX AI반도체","24540","-265","-1.07","24480.19","24600","24835","24350","2541377","62547557146","2321484000000","0","94600000","FnGuide AI반도체지수","5638.12","-114.26","-1.99"
"471990","KODEX AI반도체핵심장비","20185","-465","-2.25","20155.15","20480","20680","20110","853012","17376137718","274516000000","0","13600000","iSelect AI 반도체핵심장비 지수","5647.90","-178.45","-3.06"
"487240","KODEX AI전력핵심설비","29835","-275","-0.91","29728.73","29620","30240","29410","2979624","88900830365","1393294500000","0","46700000","iSelect AI 전력핵심설비 지수(Price Return)","17964.87","-250.99","-1.38"
"481050","KODEX CD1년금리플러스액티브(합성)","1023000","75","0.01","1023035.82","1022995","1023000","1022995","12388","12672900091","3033297300000","0","2965100","KAP 1년은행 CD+추가금리 지수(총수익지수)","1224.18","0.57","0.05"
"459580","KODEX CD금리액티브(합성)","1074950","80","0.01","1075079.41","1074945","1074950","1074945","362445","389609970197","8080614140000","0","7517200","KAP 양도성예금증서(CD)금리지수(총수익지수)","123.26","0.06","0.05"
"439860","KODEX ESG종합채권(A-이상)액티브","113725","85","0.07","113732.55","113765","113800","113725","2308","262600975","374723875000","0","3295000","KAP ESG 종합채권지수(A- 이상, 총수익)","130.32","0.13","0.10"
"266370","KODEX IT","40505","-10","-0.02","40407.49","40585","40980","40270","51456","2092090332","48606000000","0","1200000","KRX 정보기술","3485.11","-48.19","-1.36"
"368680","KODEX K-뉴딜디지털플러스","9070","-165","-1.79","9083.85","9200","9235","9065","5819","53114665","9070000000","0","1000000","FnGuide K-뉴딜 디지털 플러스 지수","2162.10","-41.31","-1.87"
"423160","KODEX KOFR금리액티브(합성)","110795","50","0.05","110780.31","110790","110795","110790","434143","48100416342","4416731880000","0","39864000","KOFR 지수","1180.38","0.08","0.01"
"292190","KODEX KRX300","37480","-100","-0.27","37445.96","37505","37970","37260","9616","361532106","56220000000","0","1500000","KRX 300","3649.01","-9.78","-0.27"
"306950","KODEX KRX300레버리지","63185","50","0.08","63272.97","63075","64535","62180","9832","621352636","63185000000","0","1000000","KRX 300","3647.17","-11.62","-0.32"
"229720","KODEX KTOP30","29655","-15","-0.05","29657.70","29770","29955","29565","4015","119691645","14827500000","0","500000","KTOP 30","14940.56","-62.08","-0.41"
"0080G0","KODEX K방산TOP10","12435","100","0.81","12412.89","12190","12690","12135","1728705","21411429517","348180000000","0","28000000","iSelect K방산 TOP10 지수(Price Return)","11829.48","13.33","0.11"
"0100K0","KODEX K방산TOP10레버리지","12265","95","0.78","12282.53","11910","12780","11650","519282","6348732240","66231000000","0","5400000","iSelect K방산 TOP10 지수(Price Return)","11829.48","13.33","0.11"
"0098F0","KODEX K원자력SMR","16160","35","0.22","16129.59","15985","16535","15872","1797000","29249929758","176952000000","0","10950000","iSelect K원자력SMR 지수(Price Return)","6265.50","-25.96","-0.41"
"0115D0","KODEX K조선TOP10","9715","-25","-0.26","9701.59","9675","9820","9565","567448","5504341021","122894750000","0","12650000","KRX K조선 TOP10 지수","6127.17","-41.14","-0.67"
"266360","KODEX K콘텐츠","13815","-160","-1.14","13781.12","13820","14110","13750","84580","1174067355","56641500000","0","4100000","KRX K콘텐츠","2135.99","-24.00","-1.11"
"291890","KODEX MSCI EM선물(H)","11295","-210","-1.83","11360.01","11490","11490","11275","1954","22177660","7906500000","0","700000","iEdge Emerging Markets Futures Index(ER)","1596.72","5.19","0.33"
"289040","KODEX MSCI KOREA ESG유니버설","24295","130","0.54","24226.31","24185","24595","24165","791","19265855","17006500000","0","700000","MSCI Korea ESG Universal Capped Index","3385.30","-12.93","-0.38"
"156080","KODEX MSCI Korea","38400","135","0.35","38305.62","38320","38835","38150","4350","167643890","26880000000","0","700000","MSCI Korea Index","1866.35","-0.77","-0.04"
"278540","KODEX MSCI Korea TR","28410","170","0.60","28365.82","28240","28770","28230","27825","790933139","2275641000000","0","80100000","MSCI Korea TR Index","3594.14","-1.46","-0.04"
"251350","KODEX MSCI선진국","37190","-555","-1.47","37210.87","37680","37680","37100","64868","2414984360","496486500000","0","13350000","MSCI World","4509.69","-6.13","-0.14"
"269420","KODEX S&P글로벌인프라(합성)","23655","-45","-0.19","23835.25","23700","23835","23650","12334","292679248","24482925000","0","1035000","S&P Global Infrastructure Index","3922.59","37.47","0.96"
"433970","KODEX TDF2030액티브","13655","-95","-0.69","13664.13","13760","13760","13635","55941","764465005","82612750000","0","6050000","Samsung Korea Target Date 2030 Index (Price Return)","1851.15","-2.81","-0.15"
"433980","KODEX TDF2040액티브","15295","-155","-1.00","15296.58","15395","15450","15265","99165","1516746544","117006750000","0","7650000","Samsung Korea Target Date 2040 Index (Price Return)","2156.72","-6.59","-0.30"
"434060","KODEX TDF2050액티브","16475","-180","-1.08","16436.91","16535","16535","16425","309413","5094609294","482717500000","0","29300000","Samsung Korea Target Date 2050 Index (Price Return)","2500.74","-11.43","-0.45"
"0082V0","KODEX TDF2060액티브","11015","-155","-1.39","11009.01","11155","11160","11000","219840","2425150536","110700750000","0","10050000","Samsung Korea Target Date 2060 Index","2588.07","-13.58","-0.52"
"329650","KODEX TRF3070","14315","-25","-0.17","14319.05","14365","14365","14270","71346","1019911115","260533000000","0","18200000","FnGuide TRF 3070 지수","1849.47","-1.92","-0.10"
"329660","KODEX TRF5050","17615","-105","-0.59","17697.01","17705","17705","17605","56873","1002890151","105690000000","0","6000000","FnGuide TRF 5050 지수","2291.55","-7.23","-0.31"
"329670","KODEX TRF7030","21465","-170","-0.79","21543.96","21375","21535","21375","70474","1515855789","83713500000","0","3900000","FnGuide TRF 7030 지수","2808.50","-14.83","-0.53"
"395170","KODEX Top10동일가중","14345","35","0.24","14309.04","14320","14460","14200","19050","273703631","55945500000","0","3900000","FnGuide TOP10 동일가중 지수","2255.30","-14.16","-0.62"
"315930","KODEX Top5PlusTR","60100","-400","-0.66","59997.83","60280","60845","59715","97778","5891881060","1532550000000","0","25500000","FnGuide TOP 5 Plus Total Return 지수","6144.87","-17.92","-0.29"
"261220","KODEX WTI원유선물(H)","14590","-490","-3.25","14623.97","14600","14670","14575","95260","1391971936","62372250000","0","4275000","S&P GSCI Crude Oil Index ER","140.73","-0.02","-0.02"
"271050","KODEX WTI원유선물인버스(H)","3910","115","3.03","3901.84","3890","3910","3865","662120","2578382718","25903750000","0","6625000","S&P GSCI Crude Oil Index ER","140.73","-0.02","-0.02"
"468370","KODEX iShares미국인플레이션국채액티브","11495","65","0.57","11509.06","11490","11505","11465","24502","281395665","17817250000","0","1550000","ICE U.S. Treasury Inflation Linked Bond Index(Total Return)","129.04","0.14","0.11"
"468630","KODEX iShares미국투자등급회사채액티브","11880","75","0.64","11887.53","11860","11895","11845","40656","482574882","35758800000","0","3010000","Markit iBoxx USD Liquid Investment Grade Index(Total Return)","348.49","0.66","0.19"
"468380","KODEX iShares미국하이일드액티브","11690","35","0.30","11685.43","11635","11695","11635","161890","1889522816","110938100000","0","9490000","ICE BofAML US HY Constrained Index(Total Return)","621.70","-0.10","-0.02"
"275290","KODEX 가치주","24540","80","0.33","24506.57","24425","24890","24375","18710","460556865","22086000000","0","900000","MSCI Korea IMI Enhanced Value Capped","14299.93","61.67","0.43"
"117700","KODEX 건설","5820","-35","-0.60","5817.99","5785","5960","5750","820114","4783325109","44232000000","0","7600000","KRX 건설","1166.73","-5.90","-0.50"
"300950","KODEX 게임산업","6585","-105","-1.57","6564.84","6675","6740","6555","134558","889227487","37534500000","0","5700000","FnGuide 게임 산업 지수","808.05","-16.09","-1.95"
"266390","KODEX 경기소비재","12090","-30","-0.25","12054.51","12010","12155","11775","23053","276040350","12090000000","0","1000000","KRX 경기소비재","1369.22","-5.48","-0.40"
"279530","KODEX 고배당주","18435","385","2.13","18380.72","18285","18700","18125","938697","17306552402","346578000000","0","18800000","FnGuide 고배당 Plus 지수","28559.99","499.78","1.78"
"132030","KODEX 골드선물(H)","28330","-595","-2.06","28373.29","28090","28555","28085","285370","8084763005","470278000000","0","16600000","S&P GSCI Gold Index(TR)","2417.71","0.00","0.00"
"280940","KODEX 골드선물인버스(H)","3010","45","1.52","3019.81","3030","3040","2975","20542","61662344","3010000000","0","1000000","S&P GSCI GOLD Index Excess Return","304.09","5.90","1.98"
"138910","KODEX 구리선물(H)","9145","-275","-2.92","9162.82","9130","9235","9115","885120","8132269125","68587500000","0","7500000","S&P GSCI North American Copper Index(TR)","817.25","0.00","0.00"
"471230","KODEX 국고채10년액티브","107855","410","0.38","107735.65","107750","107950","107605","18137","1955392232","512419105000","0","4751000","KAP 국고채 10년 지수(TR)","112.91","0.47","0.42"
"439870","KODEX 국고채30년액티브","104115","845","0.82","104035.80","103735","104200","103610","23750","2469134985","501626070000","0","4818000","KAP 국고채 30년 총수익 지수","93.12","0.97","1.05"
"114260","KODEX 국고채3년","61750","20","0.03","61723.61","61780","61795","61730","38122","2354383927","481279500000","0","7794000","MKF 국고채지수(총수익)","204.03","0.05","0.02"
"152380","KODEX 국채선물10년","67155","255","0.38","67226.02","67115","67210","67045","6061","407002827","40293000000","0","600000","10년국채선물지수","1180.70","3.71","0.32"
"176950","KODEX 국채선물10년인버스","57180","-235","-0.41","57147.75","57165","57250","57165","224","12815385","13380120000","0","234000","10년국채선물지수","1180.70","3.71","0.32"
"292770","KODEX 국채선물3년인버스","56620","-25","-0.04","56600.55","0","0","0","0","0","16306560000","0","288000","국채선물지수","1217.92","0.58","0.05"
"276990","KODEX 글로벌로봇(합성)","25365","215","0.85","25528.77","25150","25465","24600","22289","565563852","44515575000","0","1755000","ROBO Global Robotics & Automation UCITS Price Return Index","1260.78","4.22","0.34"
"476070","KODEX 글로벌비만치료제TOP2 Plus","11360","70","0.62","11441.80","11365","11415","11340","44139","501730940","51688000000","0","4550000","iSelect 글로벌 비만치료제TOP2 Plus 지수(PR)","3117.28","13.43","0.43"
"0064K0","KODEX 금액티브","15010","-315","-2.06","15049.13","14855","15120","14850","599040","8995297786","293445500000","0","19550000","Bloomberg Gold Spot NY 4pm USD Index","4293.95","95.29","2.27"
"0089D0","KODEX 금융고배당TOP10","14225","-150","-1.04","14278.29","14575","14710","14130","1118289","16110193282","263162500000","0","18500000","코스피 200 금융 고배당 TOP 10 지수","2951.60","-24.80","-0.83"
"498410","KODEX 금융고배당TOP10타겟위클리커버드콜","14755","-55","-0.37","14729.90","14975","15145","14605","2736868","40683896721","641842500000","0","43500000","코스피 200 금융 고배당 TOP 10 타겟 15%분배 위클리 커버드콜 지수","1335.61","-11.38","-0.84"
"102960","KODEX 기계장비","15965","-165","-1.02","15974.26","15925","16205","15815","20358","325895052","19796600000","0","1240000","KRX 기계장비","1733.91","-23.21","-1.32"
"404260","KODEX 기후변화솔루션","21130","-225","-1.05","21073.83","21265","21345","21040","1735","36869812","19017000000","0","900000","KRX 기후변화 솔루션지수","4041.32","-87.04","-2.11"
"273140","KODEX 단기변동금리부채권액티브","114675","30","0.03","114649.32","114675","114675","114650","6010","689137034","324530250000","0","2830000","KAP 단기변동금리부은행채권지수","146.47","0.08","0.05"
"153130","KODEX 단기채권","113315","20","0.02","113313.76","113305","113315","113300","27595","3126822589","743233085000","0","6559000","KRW Cash 지수(총수익)","172.95","0.08","0.05"
"214980","KODEX 단기채권PLUS","114675","65","0.06","114688.61","114685","114695","114675","37450","4294952210","2032499700000","0","17724000","KRW Cash PLUS 지수(총수익)","167.76","0.07","0.04"
"487950","KODEX 대만테크고배당다우존스","10445","0","0.00","10356.69","10450","10470","10400","6885","71799559","13056250000","0","1250000","Dow Jones Taiwan Technology Dividend 30 Index(TWD)(PR)","2888.44","0.00","0.00"
"122630","KODEX 레버리지","84615","-185","-0.22","84708.83","84330","87190","83555","21068368","1798391477053","5538051750000","0","65450000","코스피 200","814.59","-1.69","-0.21"
"445290","KODEX 로봇액티브","34210","-495","-1.43","34173.45","34275","34595","33900","862063","29481534986","1134061500000","0","33150000","iSelect K-로봇테마 지수","3966.60","-65.89","-1.63"
"488770","KODEX 머니마켓액티브","103590","55","0.05","103579.05","103590","103595","103590","780789","80883038323","7716833460000","0","74494000","KAP MMF 지수(TR)","119.70","0.06","0.05"
"321410","KODEX 멀티에셋하이인컴(H)","10725","-85","-0.79","10786.17","10730","10730","10725","455","4880175","5362500000","0","500000","Morningstar Multi-Asset High Income 10% Capped Index","1126.06","2.05","0.18"
"337120","KODEX 멀티팩터","27495","65","0.24","27467.51","27515","27775","27340","2095","57970345","16497000000","0","600000","FnGuide 멀티팩터 지수","17208.26","-29.84","-0.17"
"401470","KODEX 메타버스액티브","9005","-100","-1.10","9034.56","9105","9205","9005","56767","516765220","87348500000","0","9700000","FnGuide K-메타버스 지수","1281.52","-25.37","-1.94"
"244620","KODEX 모멘텀Plus","18795","-130","-0.69","18810.18","18850","18850","18675","123","2300500","11277000000","0","600000","FnGuide 모멘텀 Plus 지수","6131.84","-95.39","-1.53"
"275280","KODEX 모멘텀주","31680","180","0.57","31610.57","31455","32070","31455","7492","237968146","22176000000","0","700000","MSCI Korea IMI Momentum Capped","10297.21","-29.09","-0.28"
"308620","KODEX 미국10년국채선물","12375","75","0.61","12376.59","12340","12385","12340","94728","1171363015","106425000000","0","8600000","S&P 10-Year U.S. Treasury Note Futures KRW(ER)","239.16","1.57","0.66"
"0091C0","KODEX 미국10년국채액티브(H)","10050","50","0.50","10053.14","10055","10060","10045","66177","665148612","161805000000","0","16100000","KAP 미국 국채 10년 지수(총수익)","94.41","0.56","0.60"
"484790","KODEX 미국30년국채액티브(H)","8980","80","0.90","9009.65","9010","9015","8980","1088373","9784271553","668650800000","0","74460000","KEDI-KAP 미국 국채 20+ 지수(TR)","74.77","0.88","1.19"
"304660","KODEX 미국30년국채울트라선물(H)","7730","80","1.05","7759.78","7750","7750","7725","178715","1383100493","211029000000","0","27300000","S&P Ultra T-Bond Futures Index(ER)","112.95","0.50","0.44"
"304670","KODEX 미국30년국채울트라선물인버스(H)","11495","-110","-0.95","11505.20","11465","11495","11465","1946","22320685","6897000000","0","600000","S&P Ultra T-Bond Futures Index(ER)","112.95","0.50","0.44"
"481060","KODEX 미국30년국채타겟커버드콜(합성 H)","8290","20","0.24","8345.42","8310","8320","8285","985639","8178816135","950448500000","0","114650000","Bloomberg U.S.Treasury 20+ Year(TLT)+ 12% Premium Covered Call index(TR)","949.98","0.87","0.09"
"0151S0","KODEX 미국AI반도체TOP3플러스","10560","-275","-2.54","10640.19","10670","10695","10560","561854","5979194081","140976000000","0","13350000","Akros 미국 AI 반도체 Top 3 플러스 지수 (Price Return)","18922.77","0.00","0.00"
"0041D0","KODEX 미국AI소프트웨어TOP10","11330","-475","-4.02","11376.55","11375","11395","11315","167557","1901955872","56083500000","0","4950000","iSelect 미국 AI 소프트웨어 TOP10 지수(PR)","2923.01","60.02","2.10"
"487230","KODEX 미국AI전력핵심인프라","18825","-620","-3.19","18929.48","18995","18995","18770","1302373","24575063501","1564357500000","0","83100000","iSelect 미국AI전력핵심인프라 지수(Price Return)","8213.27","87.45","1.08"
"485540","KODEX 미국AI테크TOP10","13840","-340","-2.40","13934.65","13990","13995","13840","779750","10837096226","291332000000","0","21050000","KEDI 미국AI테크 TOP10 지수(PR)","11549.53","0.00","0.00"
"483280","KODEX 미국AI테크TOP10타겟커버드콜","11825","-230","-1.91","11869.80","11920","11920","11800","586099","6937751854","571147500000","0","48300000","KEDI 미국 AI 테크 TOP10+15%프리미엄 지수(Total Return)","9441.68","0.00","0.00"
"428560","KODEX 미국ETF산업Top10 Indxx","15225","-55","-0.36","15247.50","15280","15280","15165","6608","100624130","12180000000","0","800000","Indxx US ETF Industry Top10 Index(Price Return)","3566.17","47.03","1.34"
"379800","KODEX 미국S&P500","22325","-395","-1.74","22389.08","22345","22405","22300","15160538","338762028370","7903050000000","0","354000000","S&P 500","6836.17","3.41","0.05"
"449180","KODEX 미국S&P500(H)","15390","-325","-2.07","15420.91","15440","15465","15385","444506","6857759964","710248500000","0","46150000","S&P 500","6836.17","3.41","0.05"
"453660","KODEX 미국S&P500경기소비재","18060","-270","-1.47","18120.77","18090","18100","17980","6990","125945240","13545000000","0","750000","S&P Consumer Discretionary Select Sector Index(Price Return)","2347.72","-0.24","-0.01"
"453650","KODEX 미국S&P500금융","18270","-430","-2.30","18338.83","18305","18340","18250","23811","435625396","42934500000","0","2350000","S&P Financial Select Sector Index(Price Return)","635.66","-0.44","-0.07"
"0005A0","KODEX 미국S&P500데일리커버드콜OTM","9615","-120","-1.23","9595.75","9605","9635","9580","377511","3626279253","135571500000","0","14100000","S&P 500 Covered Call 1% OTM Daily Index(TR)","360.02","0.33","0.09"
"276970","KODEX 미국S&P500배당귀족커버드콜(합성 H)","8240","-25","-0.30","8328.89","8265","8290","8220","22813","188268146","38728000000","0","4700000","S&P500 Dividend Aristocrats Covered Call(7.2% Premium) Index","117.33","0.66","0.57"
"0026E0","KODEX 미국S&P500버퍼3월액티브","10920","-100","-0.91","11086.52","10935","10965","10920","6462","70682435","73710000000","0","6750000","S&P500 10% Buffered Index March Series (USD) TR","199.78","0.29","0.15"
"0068M0","KODEX 미국S&P500버퍼6월액티브","11420","-110","-0.95","11596.93","11410","11510","11410","262","3007070","57100000000","0","5000000","S&P500 10% Buffered Index June Series (USD) TR","407.58","0.49","0.12"
"0089C0","KODEX 미국S&P500변동성확대시커버드콜","10710","-200","-1.83","10787.14","10770","10770","10710","5927","63558582","81931500000","0","7650000","Cboe S&P 500 Volatility Contingent Daily Covered Call Index(Total Retrun)","3049.87","1.97","0.06"
"200030","KODEX 미국S&P500산업재(합성)","42845","-750","-1.72","43193.89","43110","43110","42830","5355","230072292","48800455000","0","1139000","S&P Select Sector Industrial Index","1742.17","0.00","0.00"
"219480","KODEX 미국S&P500선물(H)","29690","-630","-2.08","29710.06","29795","29840","29685","9761","290478965","145481000000","0","4900000","S&P 500 Futures Total Return Index","1029.68","-1.63","-0.16"
"0041E0","KODEX 미국S&P500액티브","14055","-275","-1.92","14100.24","14330","14330","14040","60063","845545891","57625500000","0","4100000","S&P 500","6836.17","3.41","0.05"
"218420","KODEX 미국S&P500에너지(합성)","17970","-560","-3.02","18132.31","18215","18240","17970","54767","991085918","33963300000","0","1890000","S&P Select Sector Energy Index","1141.18","8.29","0.73"
"463640","KODEX 미국S&P500유틸리티","15125","300","2.02","15178.52","15025","15155","15025","7877","118892230","15125000000","0","1000000","S&P Utilities Select Sector Index(Price Return)","940.44","24.65","2.69"
"463690","KODEX 미국S&P500커뮤니케이션","18955","-305","-1.58","19011.86","18990","19015","18895","974","18435900","12320750000","0","650000","S&P Communication Services Select Sector Index(Price Return)","598.43","-0.26","-0.04"
"463680","KODEX 미국S&P500테크놀로지","17370","-480","-2.69","17442.90","17200","17810","17200","33578","584573589","65137500000","0","3750000","S&P Technology Select Sector Index(Price Return)","2811.67","8.58","0.31"
"453630","KODEX 미국S&P500필수소비재","13610","100","0.74","13653.43","13620","13660","13535","97871","1334132586","17693000000","0","1300000","S&P Consumer Staples Select Sector Index(Price Return)","904.00","2.53","0.28"
"453640","KODEX 미국S&P500헬스케어","13610","-35","-0.26","13659.78","13630","13665","13580","35457","482657878","65328000000","0","4800000","S&P Health Care Select Sector Index(Price Return)","1591.90","15.89","1.01"
"185680","KODEX 미국S&P바이오(합성)","37775","-680","-1.77","38243.98","37870","38065","37775","3701","140372936","19907425000","0","527000","S&P Biotechnology Select Industry Index","9624.25","0.00","0.00"
"0028X0","KODEX 미국금융테크액티브","10785","-465","-4.13","10816.51","10805","10815","10750","23818","256942349","17256000000","0","1600000","iSelect 미국 차세대 파이낸셜 테크 지수(시장가격)","1063.48","7.78","0.74"
"379810","KODEX 미국나스닥100","23620","-510","-2.11","23689.83","23700","23725","23590","5025146","118868079691","5215296000000","0","220800000","NASDAQ 100","24732.73","45.12","0.18"
"449190","KODEX 미국나스닥100(H)","18765","-485","-2.52","18818.33","18865","18897","18765","642611","12100810361","486951750000","0","25950000","NASDAQ 100","24732.73","45.12","0.18"
"494300","KODEX 미국나스닥100데일리커버드콜OTM","9675","-190","-1.93","9665.20","9750","9755","9660","1675115","16220450631","578565000000","0","59800000","NASDAQ-100 Daily Covered Call 101 Index(TR)","298.91","0.90","0.30"
"409820","KODEX 미국나스닥100레버리지(합성 H)","14685","-755","-4.89","14770.39","14785","14885","14685","327432","4839267553","196779000000","0","13400000","NASDAQ 100","24732.73","45.12","0.18"
"304940","KODEX 미국나스닥100선물(H)","27430","-710","-2.52","27529.53","27585","27620","27430","23992","660124039","106977000000","0","3900000","NASDAQ 100","24732.73","45.12","0.18"
"409810","KODEX 미국나스닥100선물인버스(H)","6645","215","3.34","6587.15","6550","6645","6545","314248","2072942708","28905750000","0","4350000","NASDAQ 100","24732.73","45.12","0.18"
"411420","KODEX 미국나스닥AI테크액티브","21515","-335","-1.53","21409.10","21760","21760","21400","31993","687439694","105423500000","0","4900000","Nasdaq CB Insights Metaverse US Index (Price Return)","1713.42","-5.61","-0.33"
"455030","KODEX 미국달러SOFR금리액티브(합성)","12410","25","0.20","12421.36","12385","12425","12370","120183","1491122424","632785900000","0","50990000","Bloomberg SOFR Daily Total Return Index","123.20","0.01","0.01"
"261240","KODEX 미국달러선물","14680","25","0.17","14703.21","14765","14765","14630","63720","935371126","70464000000","0","4800000","미국달러선물지수","1611.88","4.47","0.28"
"261250","KODEX 미국달러선물레버리지","17225","120","0.70","17245.05","17145","17225","17100","71463","1227375265","36689250000","0","2130000","미국달러선물지수","1611.88","4.47","0.28"
"261270","KODEX 미국달러선물인버스","7755","-10","-0.13","7756.54","7765","7785","7750","56080","435386188","70570500000","0","9100000","미국달러선물지수","1611.88","4.47","0.28"
"261260","KODEX 미국달러선물인버스2X","4970","-25","-0.50","4982.62","5000","5010","4970","171115","853173357","250736500000","0","50450000","미국달러선물지수","1611.88","4.47","0.28"
"0144M0","KODEX 미국드론UAM TOP10","8995","-120","-1.32","8985.49","8950","9025","8940","109895","987312994","32382000000","0","3600000","iSelect 미국드론UAM TOP10 지수(Price Return)","4813.23","60.88","1.28"
"280930","KODEX 미국러셀2000(H)","14985","-435","-2.82","15041.15","15050","15075","14985","32086","482388833","33716250000","0","2250000","FTSE Russell 2000 Index","2646.70","30.87","1.18"
"0048J0","KODEX 미국머니마켓액티브","14485","60","0.42","14476.11","14435","14485","14425","603391","8726741728","594594765000","0","41049000","KAP 미국 머니마켓 지수","148.20","0.57","0.39"
"390390","KODEX 미국반도체","40220","-785","-1.91","40084.98","40365","40550","39965","334865","13525235479","872774000000","0","21700000","MVIS US Listed Semiconductor 25 Index","12281.18","49.74","0.41"
"489250","KODEX 미국배당다우존스","12420","-110","-0.88","12373.99","12425","12505","12330","423162","5255878977","424764000000","0","34200000","Dow Jones U.S. Dividend 100 Price Return Index","6682.98","52.78","0.80"
"483290","KODEX 미국배당다우존스타겟커버드콜","10570","-105","-0.98","10581.68","10550","10615","10550","153403","1624678862","158550000000","0","15000000","Dow Jones U.S. Dividend 100 10% Premium Covered Call Index(Total Return)","541.31","4.89","0.91"
"441640","KODEX 미국배당커버드콜액티브","12840","-155","-1.19","12800.66","12805","12880","12780","1683491","21585016526","1342422000000","0","104550000","S&P 500","6836.17","3.41","0.05"
"352560","KODEX 미국부동산리츠(H)","12020","-65","-0.54","12071.61","12020","12060","12010","36449","438755072","31853000000","0","2650000","Dow Jones U.S. Real Estate PR Index","381.61","5.32","1.41"
"314250","KODEX 미국빅테크10(H)","48380","-1760","-3.51","48689.79","49030","49030","48380","86204","4192037420","615393600000","0","12720000","NYSE U.S. Big TECH 10 INDEX","14208.11","-51.86","-0.36"
"473460","KODEX 미국서학개미","21535","-635","-2.86","21654.85","21735","21740","21535","128558","2777378681","282108500000","0","13100000","iSelect 서학개미 지수(PR)","5620.93","-4.11","-0.07"
"0144L0","KODEX 미국성장커버드콜액티브","9390","-135","-1.42","9334.14","9330","9475","9310","871793","8179087207","292968000000","0","31200000","NASDAQ 100","24732.73","45.12","0.18"
"390400","KODEX 미국스마트모빌리티S&P","7220","-190","-2.56","7269.24","7285","7285","7150","2325","16710775","8664000000","0","1200000","S&P Kensho Smart Transportation","208.40","2.86","1.39"
"0132H0","KODEX 미국원자력SMR","10850","-265","-2.38","10801.74","10880","10880","10735","263107","2846255057","94937500000","0","8750000","iSelect 미국원자력SMR 지수(Price Return)","11223.50","99.92","0.90"
"437080","KODEX 미국종합채권ESG액티브(H)","101410","195","0.19","101580.43","101620","101650","101380","36936","3747325120","363047800000","0","3580000","Bloomberg MSCI US Aggregate 2bn ex Securitized SRI Capped Index(Total Return)","129.25","0.24","0.18"
"419420","KODEX 미국클린에너지나스닥","9300","-345","-3.58","9401.21","9460","9460","9300","4234","39637044","13950000000","0","1500000","Nasdaq Clean Edge Green Energy Index (Price Return)","661.89","17.94","2.79"
"491090","KODEX 미국테크TOP3플러스","15755","-405","-2.51","15831.93","15875","15875","15690","164503","2599859563","29934500000","0","1900000","KEDI 미국테크TOP3플러스 지수(Price Return)","7056.01","0.00","0.00"
"0038A0","KODEX 미국휴머노이드로봇","15695","-340","-2.12","15806.77","15735","15780","15660","532955","8381046588","337442500000","0","21500000","iSelect 미국 휴머노이드 로봇 지수(Price Return)","10072.90","32.46","0.32"
"244580","KODEX 바이오","12970","-185","-1.41","12975.44","13045","13125","12880","833376","10815137005","314392800000","0","24240000","FnGuide 바이오 지수","4509.70","-78.16","-1.70"
"091160","KODEX 반도체","88745","-655","-0.73","88562.67","88300","89800","88060","3819770","340071253783","3319063000000","0","37400000","KRX 반도체","9239.16","-148.11","-1.58"
"494310","KODEX 반도체레버리지","57730","-750","-1.28","57816.03","57495","59240","56805","3619567","210373462505","949658500000","0","16450000","KRX 반도체","9239.16","-148.11","-1.58"
"325020","KODEX 배당가치","26320","60","0.23","26251.22","26365","26620","26090","34295","904596059","171080000000","0","6500000","FnGuide SLV 배당가치 지수","3115.13","-9.07","-0.29"
"244670","KODEX 밸류Plus","12750","60","0.47","12741.68","12700","12820","12550","10830","137350807","7650000000","0","600000","FnGuide 벨류 Plus 지수","2526.42","0.04","0.00"
"140700","KODEX 보험","16080","90","0.56","16036.57","16120","16505","15810","677269","10935873569","51456000000","0","3200000","KRX 보험","3341.77","3.57","0.11"
"102780","KODEX 삼성그룹","17975","-115","-0.64","17972.75","18090","18220","17915","1069777","19349421960","2460777500000","0","136900000","삼성그룹","17945.33","-178.69","-0.99"
"213610","KODEX 삼성그룹밸류","16850","-25","-0.15","16827.26","16910","17030","16755","50420","852371875","294875000000","0","17500000","WISE 삼성그룹 밸류 인덱스","16662.10","-104.05","-0.62"
"448330","KODEX 삼성전자채권혼합","15125","75","0.50","15123.24","15045","15215","15045","2966641","44904684123","726000000000","0","48000000","Wise 삼성전자채권혼합 지수","2268.04","12.84","0.57"
"325010","KODEX 성장주","31780","-130","-0.41","31786.60","31920","32230","31640","7445","237366965","155722000000","0","4900000","FnGuide 성장 지수(PR)","9018.16","-66.45","-0.73"
"385510","KODEX 신재생에너지액티브","36990","-665","-1.77","36916.99","37090","37430","36475","116053","4292440753","186799500000","0","5050000","FnGuide K-신재생에너지 플러스 지수","2809.91","-62.29","-2.17"
"446690","KODEX 아시아AI반도체exChina액티브","39705","-30","-0.08","39869.33","39735","40095","39625","5589","222883350","21837750000","0","550000","iSelect 아시아반도체 제조동맹 지수(시장가격)","8131.87","-103.67","-1.26"
"437070","KODEX 아시아달러채권ESG플러스액티브","63960","360","0.57","63892.16","63910","64035","63830","1402","89579675","40422720000","0","632000","Bloomberg MSCI EM Asia Investment Grade Credit SRI Index(Total Return)","120.05","0.17","0.14"
"117460","KODEX 에너지화학","15495","-260","-1.65","15492.19","15625","15720","15450","71072","1108503812","33624150000","0","2170000","KRX 에너지화학","3087.66","-64.80","-2.06"
"275300","KODEX 우량주","21260","100","0.47","21212.10","21160","21500","21160","20787","443663180","31890000000","0","1500000","MSCI Korea IMI Quality Capped","12482.45","-48.52","-0.39"
"140710","KODEX 운송","7200","-30","-0.41","7179.05","7155","7275","7105","139997","1007340486","16560000000","0","2300000","KRX 운송","1454.49","-15.25","-1.04"
"395150","KODEX 웹툰&드라마","3105","-80","-2.51","3093.89","3185","3185","3085","145442","455050200","12420000000","0","4000000","FnGuide 웹툰&드라마 지수","468.82","-16.68","-3.44"
"456250","KODEX 유럽명품TOP10 STOXX","10625","150","1.43","10684.60","10480","10640","10480","9107","96495888","13281250000","0","1250000","STOXX Europe Luxury 10 Index(Price Return)","3496.81","-46.61","-1.32"
"400570","KODEX 유럽탄소배출권선물ICE(H)","10125","-770","-7.07","10026.16","10180","10185","10060","71363","720966612","17415000000","0","1720000","ICE EUA Carbon Futures Index(Excess Return)","1139.29","-29.98","-2.56"
"144600","KODEX 은선물(H)","12735","-1200","-8.61","12867.48","12520","12940","12455","14132009","179519427056","1510371000000","0","118600000","S&P GSCI Silver Index(TR)","2366.12","0.00","0.00"
"091170","KODEX 은행","17015","-235","-1.36","16957.40","17305","17550","16875","3098940","53228113871","524912750000","0","30850000","KRX 은행","1752.67","-22.99","-1.29"
"453810","KODEX 인도Nifty50","13765","-185","-1.33","13869.34","13920","13920","13745","180900","2500507064","421209000000","0","30600000","Nifty 50 Index","25471.10","-336.10","-1.30"
"453820","KODEX 인도Nifty50레버리지(합성)","16110","-330","-2.01","16236.83","16730","16730","16045","6794","109484305","20943000000","0","1300000","Nifty 50 Index","25471.10","-336.10","-1.30"
"0000H0","KODEX 인도Nifty미드캡100","10910","-140","-1.27","10998.76","11100","11100","10835","4465","48833335","15819500000","0","1450000","Nifty Midcap 100 Index(PR)","59438.00","-1032.85","-1.71"
"477730","KODEX 인도타타그룹","8685","-115","-1.31","8765.83","8805","8805","8615","12312","107193909","30831750000","0","3550000","Nifty India Corporate Group Index - Tata Group 25% Cap(PR)","15018.40","-277.35","-1.81"
"114800","KODEX 인버스","1778","1","0.06","1782.81","1784","1791","1752","252660212","447814950479","885977400000","0","498300000","코스피 200 선물지수","4011.56","-9.11","-0.23"
"101280","KODEX 일본TOPIX100","30450","-530","-1.71","30354.28","30970","30970","30365","41852","1276017121","64554000000","0","2120000","TOPIX100","2602.13","-41.17","-1.56"
"352540","KODEX 일본부동산리츠(H)","12615","-135","-1.06","12616.23","12750","12750","12605","89643","1132820384","56767500000","0","4500000","Tokyo Stock Exchange REIT Index","1980.04","-20.11","-1.01"
"091180","KODEX 자동차","32615","-315","-0.96","32529.86","32735","32970","32435","972546","31783558761","632731000000","0","19400000","KRX 자동차","3318.74","-55.30","-1.64"
"385520","KODEX 자율주행액티브","14440","-210","-1.43","14395.93","14585","14635","14350","26280","379584340","33212000000","0","2300000","FnGuide K-미래차 지수","2675.40","-71.23","-2.59"
"363570","KODEX 장기종합채권(AA-이상)액티브","93800","435","0.47","93772.18","93835","93945","93650","10918","1024628020","299878600000","0","3197000","KAP 한국장기종합채권지수(AA-이상, 총수익)","302.08","1.63","0.54"
"273130","KODEX 종합채권(AA-이상)액티브","113515","290","0.26","113446.92","113385","113550","113330","47201","5356277348","3725221755000","0","32817000","KAP 한국종합채권지수","266.94","0.80","0.30"
"0153K0","KODEX 주주환원고배당주","12400","155","1.27","12358.16","12355","12577","12255","2488484","30925976745","138880000000","0","11200000","Akros 주주환원 고배당 지수 (Price Return)","3396.24","37.98","1.13"
"102970","KODEX 증권","26615","2020","8.21","26550.60","25480","27450","24880","12543406","330474834635","786473250000","0","29550000","KRX 증권","2666.00","210.26","8.56"
"419430","KODEX 차이나2차전지MSCI(합성)","11205","-275","-2.40","11349.56","11475","11475","11205","4436","50300365","36976500000","0","3300000","MSCI China all shares IMI Select Batteries Index(Price Return)","2590.79","-67.94","-2.56"
"169950","KODEX 차이나A50","25600","-305","-1.18","25691.65","25900","25900","25600","2684","68897457","23040000000","0","900000","FTSE China A50 Index","14745.08","-189.37","-1.27"
"428510","KODEX 차이나AI테크액티브","19015","120","0.64","19123.68","18845","19245","18800","36874","701172174","38980750000","0","2050000","Bloomberg China Media & Tech Index PR","2221.01","-32.35","-1.44"
"283580","KODEX 차이나CSI300","15690","-140","-0.88","15702.26","15805","15835","15670","159504","2512914689","275359500000","0","17550000","CSI 300 Index","4660.41","-59.17","-1.25"
"099140","KODEX 차이나H","23890","-340","-1.40","23943.06","24145","24145","23635","11195","267069509","44196500000","0","1850000","Hang Seng China H","9015.47","-159.71","-1.74"
"204450","KODEX 차이나H레버리지(H)","2800","-100","-3.45","2807.35","2875","2875","2770","192005","538618867","37800000000","0","13500000","Hang Seng China H","9015.47","-159.71","-1.74"
"415340","KODEX 차이나과창판STAR50(합성)","12840","-30","-0.23","12920.89","12845","13000","12840","13423","173315040","25808400000","0","2010000","STAR 50 Index(Price Return)","1470.33","-10.67","-0.72"
"256750","KODEX 차이나심천ChiNext(합성)","15250","-105","-0.68","15248.18","15305","15445","15245","13511","206689515","46527750000","0","3051000","SZSE ChiNext Price Index","3275.96","-52.10","-1.57"
"0065G0","KODEX 차이나테크TOP10","10325","-125","-1.20","10442.02","10295","10445","10285","22612","233420052","44913750000","0","4350000","Hang Seng China Tech Top 10 Select Index (HKD) (Price Return)","3036.95","-37.21","-1.21"
"372330","KODEX 차이나항셍테크","8430","-130","-1.52","8521.48","8500","8505","8395","225106","1897835960","171972000000","0","20400000","Hang Seng TECH Index","5360.42","-48.56","-0.90"
"0048K0","KODEX 차이나휴머노이드로봇","11660","190","1.66","11651.25","11400","11680","11350","940275","10839441334","261184000000","0","22400000","Solactive China Humanoid Robotics Index (CNH) (Price Return)","3043.40","37.32","1.24"
"117680","KODEX 철강","15285","-225","-1.45","15265.99","15330","15425","15070","35543","542112822","27818700000","0","1820000","KRX 철강","3089.78","-58.00","-1.84"
"279540","KODEX 최소변동성","19420","30","0.15","19405.40","19425","19590","19310","145","2823990","9710000000","0","500000","KRX 최소변동성지수","11611.65","-58.74","-0.50"
"445150","KODEX 친환경조선해운액티브","33600","-75","-0.22","33548.35","33455","34050","33185","17239","580806147","68880000000","0","2050000","FnGuide K-친환경 선박 지수","3408.65","-21.96","-0.64"
"211900","KODEX 코리아배당성장","29210","495","1.72","29168.15","28970","29640","28740","93910","2742859333","87630000000","0","3000000","코스피 배당성장 50","7295.11","91.21","1.27"
"237370","KODEX 코리아배당성장채권혼합","15915","85","0.54","15914.19","15840","15990","15830","311218","4953039300","130503000000","0","8200000","배당성장채권혼합지수","2506.13","11.99","0.48"
"495850","KODEX 코리아밸류업","24205","75","0.31","24153.24","24130","24505","24010","851336","20669352074","545822750000","0","22550000","코리아 밸류업 지수","2458.82","-5.29","-0.21"
"0115E0","KODEX 코리아소버린AI","13165","80","0.61","13158.81","13065","13300","13050","386809","5101579241","115852000000","0","8800000","KRX 코리아 소버린 AI 지수","5019.87","9.47","0.19"
"373490","KODEX 코리아혁신성장액티브","23190","-205","-0.88","23167.77","23340","23340","23010","625","14548020","11595000000","0","500000","FnGuide K-이노베이션 지수","3195.30","-44.89","-1.39"
"229200","KODEX 코스닥150","18955","-390","-2.02","18983.24","19095","19240","18865","33590542","637202057054","6675003250000","0","352150000","코스닥 150","1902.19","-44.31","-2.28"
"233740","KODEX 코스닥150레버리지","16660","-750","-4.31","16739.71","16940","17180","16500","45613278","763937163190","4336598000000","0","260300000","코스닥 150","1901.96","-44.54","-2.29"
"360150","KODEX 코스닥150롱코스피200숏선물","6125","-110","-1.76","6120.31","6180","6180","6062","268003","1633849123","28787500000","0","4700000","코스닥150 롱 100% 코스피200 숏 100% 선물지수","740.37","-12.48","-1.66"
"251340","KODEX 코스닥150선물인버스","2295","45","2.00","2311.08","2285","2310","2265","38379340","88032071863","191862000000","0","83600000","F-코스닥150 지수","2205.74","-42.48","-1.89"
"461450","KODEX 코스닥글로벌","17790","-520","-2.84","17793.49","18065","18080","17740","98527","1760147768","32022000000","0","1800000","코스닥 글로벌 지수","2289.43","-81.55","-3.44"
"226490","KODEX 코스피","56715","45","0.08","56690.00","56535","57455","56365","413935","23536631594","819531750000","0","14450000","코스피","5507.03","-15.24","-0.28"
"237350","KODEX 코스피100","64830","330","0.51","64681.83","64500","65685","64375","405303","26342139358","466776000000","0","7200000","코스피 100","6246.72","-10.20","-0.16"
"359210","KODEX 코스피TR","28410","30","0.11","28364.14","28380","28750","28240","49829","1423313765","105117000000","0","3700000","코스피 TR","7167.92","-19.84","-0.28"
"337140","KODEX 코스피대형주","28300","120","0.43","28237.28","28180","28630","28100","78830","2239020197","45280000000","0","1600000","코스피 대형주","5815.82","-16.28","-0.28"
"138920","KODEX 콩선물(H)","11750","5","0.04","11744.10","11750","11785","11740","3124","36730944","5875000000","0","500000","S&P GSCI Soybeans Index(TR)","6279.88","0.00","0.00"
"244660","KODEX 퀄리티Plus","10460","-5","-0.05","10488.31","10420","10485","10420","1162","12151865","5230000000","0","500000","FnGuide 퀄리티 Plus 지수","2573.37","-5.74","-0.22"
"375770","KODEX 탄소효율그린뉴딜","19460","0","0.00","19443.98","19470","19700","19345","1816","35490615","46704000000","0","2400000","KRX/S&P 탄소효율 그린뉴딜지수","3242.09","-10.96","-0.34"
"459560","KODEX 테슬라밸류체인FactSet","20410","-130","-0.63","20490.76","20560","20590","20375","13709","280286129","31635500000","0","1550000","FactSet TSLA Value Chain Index(PR)","642.73","-4.76","-0.74"
"475080","KODEX 테슬라커버드콜채권혼합액티브","8835","-70","-0.79","8772.65","8855","8860","8820","439551","3886159508","347657250000","0","39350000","KEDI 테슬라 인컴 프리미엄 밸런스드 지수(TR)","1647.77","-6.79","-0.41"
"266410","KODEX 필수소비재","9595","-45","-0.47","9592.95","9640","9675","9515","78460","754027345","19190000000","0","2000000","KRX 필수소비재","1733.28","-11.41","-0.65"
"298770","KODEX 한국대만IT프리미어","53235","250","0.47","53269.59","53985","53985","52900","41851","2227095522","58558500000","0","1100000","한국 대만 IT 프리미어지수","7719.71","26.00","0.34"
"476800","KODEX 한국부동산리츠인프라","4915","5","0.10","4925.30","4910","4930","4900","1835985","9031248042","601596000000","0","122400000","KRX 부동산리츠인프라 지수","1413.13","0.49","0.03"
"450190","KODEX 한중반도체(합성)","35580","440","1.25","35391.95","35470","35670","35380","448","15918940","21348000000","0","600000","KRX CSI 한·중 반도체지수","8555.01","-58.51","-0.68"
"450180","KODEX 한중전기차(합성)","13200","-165","-1.23","13143.37","13180","13275","13170","19","250835","8580000000","0","650000","KRX CSI 한·중 전기차지수","5529.05","-104.23","-1.85"
"266420","KODEX 헬스케어","23685","-165","-0.69","23635.09","23830","23830","23425","68657","1621917265","106582500000","0","4500000","KRX 헬스케어","5296.07","-54.04","-1.01"
"364690","KODEX 혁신기술테마액티브","29650","-5","-0.02","29641.42","29600","30010","29470","4020","119662790","17790000000","0","600000","코스피","5507.29","-14.98","-0.27"
"487130","KoAct AI인프라액티브","20710","-260","-1.24","20663.90","20665","21000","20620","27671","574508698","36242500000","0","1750000","Solactive AI인프라 지수","5003.65","-105.42","-2.06"
"0074K0","KoAct K수출핵심기업TOP30액티브","14940","-90","-0.60","14953.14","14905","15095","14860","208284","3122833098","138195000000","0","9250000","KEDI K수출핵심기업TOP30 지수(PR)","6361.97","-79.70","-1.24"
"471040","KoAct 글로벌AI&로봇액티브","23585","-310","-1.30","23571.35","23825","23825","23475","111995","2644114431","193397000000","0","8200000","iSelect 글로벌AI&로봇PR지수","6095.00","13.60","0.22"
"0132D0","KoAct 글로벌K컬처밸류체인액티브","10620","-95","-0.89","10664.54","10850","10850","10540","4570","48622980","8496000000","0","800000","KEDI 글로벌 K컬처밸류체인 지수(PR)","1454.03","-18.11","-1.23"
"0020H0","KoAct 글로벌양자컴퓨팅액티브","17910","-580","-3.14","18106.56","18310","18315","17780","78897","1412391020","41193000000","0","2300000","FactSet 글로벌양자컴퓨팅 PR 지수","623.73","-14.70","-2.30"
"475070","KoAct 글로벌친환경전력인프라액티브","29825","-1035","-3.35","29899.63","30385","30385","29750","32082","960054203","32807500000","0","1100000","Solactive 글로벌친환경전력인프라 PR지수","7363.75","-216.06","-2.85"
"0015B0","KoAct 미국나스닥성장기업액티브","15435","-240","-1.53","15468.68","15205","15630","15205","277646","4292099078","146632500000","0","9500000","나스닥 종합주가지수","22546.67","-50.48","-0.22"
"0104H0","KoAct 미국나스닥채권혼합50액티브","10895","-115","-1.04","10933.61","11000","11000","10890","98492","1075588995","52296000000","0","4800000","FnGuide 미국나스닥 금융채권혼합 지수","2006.70","-17.30","-0.85"
"0113G0","KoAct 미국바이오헬스케어액티브","10050","-180","-1.76","10130.75","10230","10230","10045","25330","255411680","15075000000","0","1500000","Solactive 미국바이오헬스케어지수 PR","1871.01","17.42","0.94"
"497780","KoAct 미국천연가스인프라액티브","10710","-60","-0.56","10814.87","10700","10790","10680","23669","253823720","20884500000","0","1950000","Solactive 미국천연가스인프라 PR 지수","1861.85","22.82","1.24"
"490330","KoAct 미국치매&뇌질환치료제액티브","12220","-5","-0.04","12300.08","12220","12280","12170","4833","59138505","5499000000","0","450000","Solactive 미국뇌질환치료제 PR 지수","2571.23","9.08","0.35"
"462900","KoAct 바이오헬스케어액티브","22835","-490","-2.10","22858.25","23000","23150","22755","751606","17194686595","646230500000","0","28300000","iSelect 바이오헬스케어 PR 지수","3640.28","-62.88","-1.70"
"482030","KoAct 반도체&2차전지핵심소재액티브","11910","-175","-1.45","11881.09","11960","12085","11815","19997","238120330","13696500000","0","1150000","iSelect 반도체&2차전지핵심소재 지수","4693.49","-100.98","-2.11"
"476850","KoAct 배당성장액티브","17900","365","2.08","17860.48","17645","18095","17645","148674","2664752346","69810000000","0","3900000","코스피","5507.29","-14.98","-0.27"
"0051A0","KoAct 브로드컴밸류체인액티브","18165","-390","-2.10","18158.72","18100","18265","18070","20978","381042455","19073250000","0","1050000","FactSet 브로드컴밸류체인 지수","572.71","-16.03","-2.72"
"0150K0","KoAct 수소전력ESS인프라액티브","12580","-265","-2.06","12583.44","12675","12760","12500","235526","2978566759","33337000000","0","2650000","FnGuide 수소전력ESS인프라 지수(PR)","1731.64","-34.52","-1.95"
"0154H0","KoAct 차이나바이오헬스케어액티브","9635","-85","-0.87","9684.11","9720","9750","9595","14807","142685237","9635000000","0","1000000","Solactive 차이나바이오헬스케어지수 PR","1133.92","-5.46","-0.48"
"495230","KoAct 코리아밸류업액티브","24630","30","0.12","24588.68","24605","24940","24460","376949","9317899111","160095000000","0","6500000","코리아 밸류업 지수","2458.82","-5.29","-0.21"
"0093D0","KoAct 팔란티어밸류체인액티브","13080","-280","-2.10","13292.08","13290","13295","13050","84989","1116624210","36624000000","0","2800000","KEDI 팔란티어밸류체인지수(PR)","3387.25","0.00","0.00"
"152100","PLUS 200","83210","-95","-0.11","83186.57","83105","84480","82735","476496","39764347661","1348002000000","0","16200000","코스피 200","814.59","-1.69","-0.21"
"491220","PLUS 200TR","96785","225","0.23","96751.26","97720","98100","96240","15508","1498584655","43553250000","0","450000","코스피 200 TR","1072.14","-2.22","-0.21"
"253150","PLUS 200선물레버리지","155705","495","0.32","154828.32","154885","160140","153860","19810","3099152738","38926250000","0","250000","코스피 200 선물지수","4011.56","-9.11","-0.23"
"253160","PLUS 200선물인버스2X","666","8","1.22","657.40","660","666","638","203857","132804902","2031300000","0","3050000","코스피 200 선물지수","4011.56","-9.11","-0.23"
"395750","PLUS ESG가치주액티브","16390","-10","-0.06","16347.90","16385","16515","16305","1189","19492080","6556000000","0","400000","FnGuide 한화 ESG 가치 지수","2524.04","-10.52","-0.42"
"395760","PLUS ESG성장주액티브","17150","0","0.00","17112.14","17150","17310","17055","3615","61946630","12005000000","0","700000","FnGuide 한화 ESG 성장 지수","2886.76","-13.53","-0.47"
"453010","PLUS KOFR금리","108365","25","0.02","108355.03","108355","108375","108355","21883","2371274242","16146385000","0","149000","KOFR 지수","1180.38","0.08","0.01"
"429740","PLUS K리츠","7205","-30","-0.41","7212.85","7235","7235","7170","4527","32578183","9366500000","0","1300000","FnGuide 리츠 지수","697.84","-0.53","-0.08"
"449450","PLUS K방산","64710","125","0.19","64743.25","63935","66090","63305","1260084","81494318276","1598337000000","0","24700000","FnGuide K-방위산업 지수","6838.47","-2.61","-0.04"
"0104G0","PLUS K방산레버리지","12195","100","0.83","12147.77","11840","12620","11620","160471","1948390984","23170500000","0","1900000","FnGuide K-방위산업 지수","6838.47","-2.61","-0.04"
"0090B0","PLUS K방산소부장","10925","230","2.15","10896.60","10585","10940","10565","98503","1065732101","15295000000","0","1400000","Akros K방산소부장 지수(PR)","1728.44","24.50","1.44"
"269530","PLUS S&P글로벌인프라","21750","70","0.32","21825.42","21690","21835","21690","8214","178993115","10875000000","0","500000","S&P Global Infrastructure Index","3922.59","37.47","0.96"
"433880","PLUS TDF2060액티브","17720","-200","-1.12","17610.03","18295","18295","17555","63956","1131832960","45894800000","0","2590000","Morningstar Korea Lifetime Allocation Moderate 2060 Index (Gross Return)","3052.78","6.51","0.21"
"251590","PLUS 고배당저변동50","18715","395","2.16","18668.26","18535","18820","18375","7575","141047150","12164750000","0","650000","FnGuide 고배당저변동50 지수","3251.64","47.53","1.48"
"161510","PLUS 고배당주","27790","330","1.20","27743.85","27650","28195","27375","4225693","117577548131","2359371000000","0","84900000","FnGuide 배당주 지수","27173.08","338.66","1.26"
"0018C0","PLUS 고배당주위클리고정커버드콜","14345","245","1.74","14303.49","14165","14470","14080","249885","3577562676","86787250000","0","6050000","코스피 고배당 위클리 고정 커버드콜 지수","1902.78","23.30","1.24"
"489030","PLUS 고배당주위클리커버드콜","10075","130","1.31","10089.06","9970","10145","9935","954746","9592418975","236762500000","0","23500000","코스피 고배당 위클리 콜매도 ATM 지수","1724.21","20.77","1.22"
"251600","PLUS 고배당주채권혼합","16280","110","0.68","16246.49","16230","16440","16160","2150723","35054934758","568172000000","0","34900000","FnGuide 고배당 채권혼합 지수","4231.18","30.15","0.72"
"461460","PLUS 국고채10년액티브","53295","195","0.37","53263.24","53285","53315","53210","294","15665035","59583810000","0","1118000","KAP 국고채 10년 동일가중 지수(총수익)","112.26","0.49","0.44"
"451600","PLUS 국고채30년액티브","99620","700","0.71","99597.27","99310","99620","99310","462","45998270","13647940000","0","137000","KAP 국고채 30년 지수(총수익)","90.43","0.99","1.11"
"491230","PLUS 국공채머니마켓액티브","51685","25","0.05","51661.93","51675","51685","51670","20708","1070187970","140273090000","0","2714000","KAP 국공채 MMF 지수(총수익)","119.26","0.05","0.04"
"289670","PLUS 국채선물10년","53920","110","0.20","53946.49","53830","53940","53810","248","13364775","5607680000","0","104000","10년국채선물지수","1180.70","3.71","0.32"
"298340","PLUS 국채선물3년","56250","-10","-0.02","56249.99","56280","56280","56245","9783","550439160","58950000000","0","1048000","국채선물지수","1217.92","0.58","0.05"
"489010","PLUS 글로벌AI인프라","17350","-685","-3.80","17426.31","18035","18035","17320","1816","31553445","2602500000","0","150000","Solactive Global AI Infrastructure Index (PR)","11512.02","-24.88","-0.22"
"442580","PLUS 글로벌HBM반도체","59460","710","1.21","59089.30","58750","60295","58750","525338","31421536539","324057000000","0","5450000","iSelect 글로벌HBM반도체 지수","15164.50","74.49","0.49"
"189400","PLUS 글로벌MSCI(합성 H)","23955","-350","-1.44","23885.19","23800","24000","23795","120","2873515","7186500000","0","300000","MSCI ACWI Index","1042.75","-2.47","-0.24"
"496770","PLUS 글로벌방산","19880","30","0.15","20101.89","19800","20025","19800","31468","626684467","62622000000","0","3150000","Solactive Global Defense Index(PR)","4320.87","48.91","1.14"
"419650","PLUS 글로벌수소&차세대연료전지","4690","-95","-1.99","4751.50","4730","4730","4665","58101","272057325","19229000000","0","4100000","BlueStar Hydrogen and NextGen Fuel Cell Index (시장가격)","45.89","0.00","0.00"
"0007G0","PLUS 글로벌원자력밸류체인","16300","-400","-2.40","16204.81","16630","16630","16080","37520","608967865","59495000000","0","3650000","Solactive Global Nuclear Energy Value Chain Index(PR)","6843.54","16.91","0.25"
"0035T0","PLUS 글로벌휴머노이드로봇액티브","20310","-370","-1.79","20360.13","20670","20670","20255","92895","1894303572","100534500000","0","4950000","iSelect 글로벌휴머노이드로봇 (PR)","7347.50","-63.37","-0.86"
"415920","PLUS 글로벌희토류&전략자원생산기업","8685","-380","-4.19","8671.25","8625","8785","8625","268542","2331461960","67743000000","0","7800000","MVIS Global Rare Earth/Strategic Metals Index (Price Return)","583.54","-7.08","-1.20"
"0138Y0","PLUS 금채권혼합","10615","-105","-0.98","10605.48","10545","10655","10540","708251","7513285276","161348000000","0","15200000","Akros 미국 금현물 ETF 채권혼합 지수","2152.17","0.00","0.00"
"278620","PLUS 단기채권액티브","117630","25","0.02","117632.65","117565","117640","117565","89","10467800","53286390000","0","453000","KAP 투자적격 크레딧 채권 1년 지수(A- 이상,총수익)","149.82","0.09","0.06"
"477050","PLUS 머니마켓액티브","52600","5","0.01","52598.30","52595","52600","52595","11480","603819092","475293600000","0","9036000","KAP 시가평가 MMF 지수(총수익)","119.35","0.05","0.04"
"0050E0","PLUS 미국AI에이전트","7610","-175","-2.25","7584.37","7950","7950","7605","2159","16473172","4566000000","0","600000","Solactive US AI Agents Index(PR)","2619.66","76.77","3.02"
"429760","PLUS 미국S&P500","18195","-325","-1.75","18247.31","18220","18265","18180","11183","203737549","38209500000","0","2100000","S&P 500","6836.17","3.41","0.05"
"269540","PLUS 미국S&P500(H)","27030","-585","-2.12","27091.18","27135","27170","27030","11533","312587677","86496000000","0","3200000","S&P 500","6836.17","3.41","0.05"
"0057H0","PLUS 미국S&P500미국채혼합50액티브","11435","-95","-0.82","11437.58","11440","11470","11420","98733","1128958965","61749000000","0","5400000","S&P 500 and U.S. Treasury Bill 0-3 Month 50/50 Blend Index (USD)","274.63","0.12","0.04"
"494410","PLUS 미국S&P500성장주","12740","-255","-1.96","12783.26","12995","12995","12690","6295","80202549","29302000000","0","2300000","S&P 500 Growth Index(PR)","4798.64","-20.55","-0.43"
"0153X0","PLUS 미국고배당주액티브","10930","-70","-0.64","10908.13","10910","10935","10855","175488","1912842152","15848500000","0","1450000","Akros 미국 고배당주 20 지수","1763.65","0.00","0.00"
"0089B0","PLUS 미국나스닥100미국채혼합50","10625","-135","-1.25","10664.02","10650","10660","10615","30911","328837995","23375000000","0","2200000","Nasdaq-100 US T-Bills 1-3 Month 50/50 Index (USD)","2794.91","3.11","0.11"
"287180","PLUS 미국나스닥테크","41245","-1085","-2.56","41343.16","41370","41440","41160","2348","96901885","30933750000","0","750000","NASDAQ 100 Technology Sector Index","12407.35","131.06","1.07"
"213630","PLUS 미국다우존스고배당주(합성 H)","20090","-220","-1.08","20263.37","20310","20520","20090","6017","121888204","18482800000","0","920000","Dow Jones U.S Select Dividend Index(시장가격지수)","1113.19","0.00","0.00"
"332610","PLUS 미국단기회사채(AAA~A)","132355","655","0.50","132331.09","131945","132355","131945","1034","136649775","15353180000","0","116000","ICE BofaAML 1-3 Year AAA-A US Corporate Index(총수익지수)","599.33","0.42","0.07"
"456200","PLUS 미국달러SOFR금리액티브(합성)","61515","385","0.63","61451.24","61270","61515","61270","201","12315515","6766650000","0","110000","Solactive SOFR Daily Total Return Index","1231.96","0.12","0.01"
"0078V0","PLUS 미국로보택시","11175","-195","-1.72","11158.72","11205","11205","11065","18605","206538867","7822500000","0","700000","KEDI 미국로보택시 지수(PR)","4092.69","0.00","0.00"
"494420","PLUS 미국배당증가성장주데일리커버드콜","9500","-115","-1.20","9540.35","9615","9615","9450","25969","247443209","17100000000","0","1800000","Bloomberg U.S. Dividend Growth Partial Covered Call Index","1503.93","10.05","0.67"
"0023B0","PLUS 미국양자컴퓨팅TOP10","14160","-525","-3.58","13938.07","14050","14245","13985","68775","970706312","27612000000","0","1950000","iSelect 미국양자컴퓨팅 TOP10 (PR)","6361.28","154.40","2.49"
"332620","PLUS 미국장기우량회사채","98945","975","1.00","98966.17","98955","98980","98815","1281","126722485","22460515000","0","227000","ICE BofaAML 15+ Year AAA-A US Corporate Index(총수익지수)","1209.91","2.60","0.22"
"464470","PLUS 미국채30년액티브","54015","785","1.47","54033.05","53955","54060","53880","21512","1160859795","53690910000","0","994000","ICE U.S. Treasury 20+ Year Bond Index(Total Return)","98.55","0.47","0.48"
"461900","PLUS 미국테크TOP10","20575","-575","-2.72","20642.22","20520","20685","20520","15060","310144972","16460000000","0","800000","iSelect 미국 Tech 10 지수","6654.20","-85.54","-1.27"
"461910","PLUS 미국테크TOP10레버리지(합성)","32435","-1865","-5.44","32633.05","34490","34490","31050","4392","143412154","16217500000","0","500000","iSelect 미국 Tech 10 지수","6654.20","-85.54","-1.27"
"195970","PLUS 선진국MSCI(합성 H)","16015","-265","-1.63","16013.24","16285","16365","16015","8832","143559594","24342800000","0","1520000","MSCI EAFE Index","3116.61","-28.58","-0.91"
"238670","PLUS 스마트베타Quality채권혼합","13100","0","0.00","13058.17","12995","13135","12975","7341","95974340","3930000000","0","300000","WISE-KAP 스마트베타 Quality 채권혼합지수","1581.23","-0.77","-0.05"
"195980","PLUS 신흥국MSCI(합성 H)","13865","-155","-1.11","13884.68","14010","14010","13710","21923","304656490","95391200000","0","6880000","MSCI EM Index","1555.12","-15.32","-0.98"
"256450","PLUS 심천차이넥스트(합성)","14635","-205","-1.38","14872.85","14765","14925","14635","1161","17189935","7317500000","0","500000","SZSE ChiNext Price Index","3275.96","-52.10","-1.57"
"447660","PLUS 애플채권혼합","13085","-200","-1.51","13097.14","13100","13260","12995","31888","416754661","17010500000","0","1300000","FnGuide 애플채권혼합 지수","2377.99","-32.54","-1.35"
"239660","PLUS 우량회사채50","120505","5","0.00","120500.68","120500","120525","120495","1236","148953845","16870700000","0","140000","KOBI HALF CREDIT Index(총수익)","12559.56","6.62","0.05"
"421320","PLUS 우주항공&UAM","43300","0","0.00","43314.27","43240","43860","41995","941116","40413180239","344235000000","0","7950000","iSelect 우주항공UAM 지수","4887.08","25.74","0.53"
"464920","PLUS 일본반도체소부장","23255","-210","-0.89","23134.73","23465","24470","23085","33964","797685058","17441250000","0","750000","Solactive Japan Semiconductor Materials and Equipment Index PR","6275.18","-26.12","-0.41"
"489000","PLUS 일본엔화초단기국채(합성)","9975","60","0.61","9974.17","9970","9990","9950","104972","1045817680","21945000000","0","2200000","KAP 일본 단기 국채 지수(총수익)","99.73","0.02","0.02"
"0098N0","PLUS 자사주매입고배당주","13835","115","0.84","13793.31","13770","14010","13625","346557","4796594486","106529500000","0","7700000","FnGuide 고배당주 플러스 자사주 지수 (PR)","3725.21","17.92","0.48"
"451000","PLUS 종합채권(AA-이상)액티브","110790","230","0.21","110756.51","110790","110790","110790","2","221580","458670600000","0","4140000","KAP 종합채권지수(AA-이상, 총수익)","117.98","0.35","0.30"
"280920","PLUS 주도업종","21700","-65","-0.30","21704.27","21695","21955","21645","1745","38086190","11935000000","0","550000","FnGuide 주도업종 지수","3296.10","-23.99","-0.72"
"266550","PLUS 중형주저변동50","18705","415","2.27","18680.72","18450","18825","18450","8976","167045265","4676250000","0","250000","FnGuide 중형주저변동50지수","3684.35","50.72","1.40"
"0047N0","PLUS 차이나AI테크TOP10","11040","-200","-1.78","11168.37","11240","11250","11015","10013","111324846","12144000000","0","1100000","Solactive China AI Tech Top10 Index(PR)","2303.02","-29.18","-1.25"
"0128D0","PLUS 차이나항셍테크위클리타겟커버드콜","8765","-65","-0.74","8865.77","8750","8830","8650","7498","65724579","5697250000","0","650000","HSTECH 15% Target Premium Weekly Covered Call Index","3726.01","-29.41","-0.78"
"495040","PLUS 코리아밸류업","24110","125","0.52","24044.39","24105","24405","23935","12147","293066535","61480500000","0","2550000","코리아 밸류업 지수","2458.82","-5.29","-0.21"
"301400","PLUS 코스닥150","19120","-395","-2.02","19169.57","19270","19385","19050","18908","362564610","12428000000","0","650000","코스닥 150","1902.19","-44.31","-2.28"
"301410","PLUS 코스닥150선물인버스","3480","60","1.75","3480.50","3475","3505","3465","2968","10329107","1044000000","0","300000","F-코스닥150 지수","2205.74","-42.48","-1.89"
"227830","PLUS 코스피","57010","160","0.28","56968.75","57290","57450","56700","1951","111655660","14252500000","0","250000","코스피","5507.03","-15.24","-0.28"
"122090","PLUS 코스피50","59285","255","0.43","59166.75","59030","60020","58920","56930","3386157636","72920550000","0","1230000","코스피 50","5933.77","-6.10","-0.10"
"328370","PLUS 코스피TR","30685","70","0.23","30688.68","30745","31075","30540","2530","77874345","115068750000","0","3750000","코스피 TR","7167.92","-19.84","-0.28"
"457990","PLUS 태양광&ESS","29780","-385","-1.28","29750.03","29725","30200","29430","277544","8246343869","59560000000","0","2000000","FnGuide 태양광 & ESS 지수","7768.93","-145.52","-1.84"
"0132K0","PLUS 테슬라위클리커버드콜채권혼합","9395","-95","-1.00","9457.02","9385","9450","9350","332745","3135193536","83145750000","0","8850000","Akros 테슬라 위클리 커버드콜 채권혼합 지수","2842.31","0.00","0.00"
"0000J0","PLUS 한화그룹주","35030","-285","-0.81","35005.20","35015","35400","34605","212435","7437424399","218937500000","0","6250000","FnGuide 한화그룹주 지수","7318.37","-95.79","-1.29"
"148020","RISE 200","82550","-80","-0.10","82489.48","82500","83765","81995","2047502","169725746912","2885122500000","0","34950000","코스피 200","814.59","-1.69","-0.21"
"361580","RISE 200TR","46310","-40","-0.09","46278.49","46200","46995","46005","392480","18247314460","437629500000","0","9450000","코스피 200 TR","1072.14","-2.22","-0.21"
"290080","RISE 200고배당커버드콜ATM","8530","-110","-1.27","8650.12","8650","8680","8530","11928","102557172","14927500000","0","1750000","코스피 200 고배당커버드콜 ATM 지수(시장가격지수)","1197.39","4.09","0.34"
"284980","RISE 200금융","23375","100","0.43","23329.87","23465","24020","23040","108118","2542500847","21037500000","0","900000","코스피 200 금융","1787.18","3.80","0.21"
"252400","RISE 200선물레버리지","77300","-270","-0.35","77048.08","76960","79630","76385","59645","4620557944","77300000000","0","1000000","코스피 200 선물지수","4011.56","-9.11","-0.23"
"252410","RISE 200선물인버스","2290","10","0.44","2285.66","2285","2295","2250","234706","533236325","2977000000","0","1300000","코스피 200 선물지수","4011.56","-9.11","-0.23"
"252420","RISE 200선물인버스2X","322","-2","-0.62","323.95","325","327","313","1532498","489447882","5635000000","0","17500000","코스피 200 선물지수","4011.56","-9.11","-0.23"
"475720","RISE 200위클리커버드콜","13025","-15","-0.12","13017.05","12990","13120","12980","1895859","24737964518","797130000000","0","61200000","코스피 200 위클리 커버드콜 ATM 지수","1548.36","-3.67","-0.24"
"0122W0","RISE 26-11 회사채(AA-이상)액티브","50265","30","0.06","50244.43","50260","50265","50250","4206","211393945","397797210000","0","7914000","KAP 26-11 회사채(AA-이상) 총수익지수","111.17","0.07","0.06"
"465330","RISE 2차전지TOP10","12555","-390","-3.01","12562.91","12745","12857","12515","410910","5186987086","75016125000","0","5975000","iSelect 2차전지 TOP10 지수(PR)","2767.98","-88.70","-3.11"
"465350","RISE 2차전지TOP10인버스(합성)","19145","470","2.52","19262.50","18980","19235","18730","381075","7259484569","44990750000","0","2350000","iSelect 2차전지 TOP10 지수(PR)","2767.98","-88.70","-3.11"
"422420","RISE 2차전지액티브","8445","-220","-2.54","8449.06","8495","8600","8415","330024","2804102946","232744200000","0","27560000","iSelect 2차전지 지수 (시장가격지수)","5374.94","-174.59","-3.15"
"105780","RISE 5대그룹주","12625","-50","-0.39","12591.41","12675","12765","12580","38944","494521960","27775000000","0","2200000","MKF 5대그룹주","12494.60","-151.63","-1.20"
"469070","RISE AI&로봇","16825","-365","-2.12","16805.66","16895","16970","16610","956342","16062669337","536717500000","0","31900000","iSelect AI&로봇 지수(시장가격)","3795.43","-84.75","-2.18"
"0093A0","RISE AI반도체TOP10","26480","-550","-2.03","26412.47","26750","26935","26335","214276","5700235141","78116000000","0","2950000","FnGuide AI반도체TOP10 지수","5058.20","-198.78","-3.78"
"0101N0","RISE AI전력인프라","15780","0","0.00","15750.73","15695","15950","15535","314971","4966295382","107304000000","0","6800000","KRX-Akros AI 전력인프라 지수","9242.78","-35.43","-0.38"
"427120","RISE AI플랫폼","7865","50","0.64","7879.26","7900","7950","7835","23403","184905035","5977400000","0","760000","FnGuide AI 플랫폼 지수","1127.87","-5.44","-0.48"
"477080","RISE CD금리액티브(합성)","105875","15","0.01","105873.69","105870","105880","105870","6832","723321975","1283840250000","0","12126000","FnGuide CD금리투자 지수(총수익)","1451.67","0.66","0.05"
"290130","RISE ESG사회책임투자","32685","55","0.17","32612.70","32630","33145","32480","649087","21310990209","150351000000","0","4600000","KRX ESG 사회책임경영지수(S)","5240.24","-15.49","-0.29"
"326240","RISE IT플러스","31955","-250","-0.78","31942.23","32085","32355","31810","45151","1450899410","88195800000","0","2760000","FnGuide IT플러스 지수","4563.61","-55.16","-1.19"
"385560","RISE KIS국고채30년Enhanced","66500","730","1.11","66300.11","66155","66700","66135","58675","3900132077","571966500000","0","8601000","KIS 국고채30년Enhanced지수(시장가격)","5921.89","54.52","0.93"
"479520","RISE KOFR금리액티브(합성)","104915","40","0.04","104912.18","104910","104915","104910","4851","508932715","715835045000","0","6823000","KOFR 지수","1180.38","0.08","0.01"
"270800","RISE KQ고배당","16105","-80","-0.49","16153.50","16215","16215","16080","1666","26932014","8857750000","0","550000","FnGuide KQ고배당포커스 지수","8082.70","-56.09","-0.69"
"292050","RISE KRX300","38490","185","0.48","38419.70","38745","38930","38305","1596","61583945","13471500000","0","350000","KRX 300","3649.01","-9.78","-0.27"
"388280","RISE K엔터&여행레저","8865","-30","-0.34","8852.40","8895","8970","8780","44059","391131400","38828700000","0","4380000","FnGuide K엔터&여행레저 지수","827.92","-6.47","-0.78"
"442550","RISE TDF2030액티브","14180","-70","-0.49","14151.64","14175","14190","14125","21542","305285220","13471000000","0","950000","iSelect 전략적자산배분 TDF 2030 지수","1961.86","-7.25","-0.37"
"442560","RISE TDF2040액티브","15340","-90","-0.58","15325.82","15435","15435","15340","22918","352188045","24544000000","0","1600000","iSelect 전략적자산배분 TDF 2040 지수","2262.28","-14.37","-0.63"
"442570","RISE TDF2050액티브","16130","-170","-1.04","16088.46","16295","16295","16080","173932","2806798378","127427000000","0","7900000","iSelect 전략적자산배분 TDF 2050 지수","2423.86","-18.95","-0.78"
"234310","RISE V&S셀렉트밸류","26595","165","0.62","26533.62","26600","26805","26350","306","8125550","13297500000","0","500000","FnGuide 셀렉트 밸류 지수","5296.03","0.62","0.01"
"241390","RISE V&S셀렉트밸류채권혼합","15655","85","0.55","15529.99","15525","15730","15505","43652","682956199","28179000000","0","1800000","FnGuide 셀렉트벨류 채권혼합지수","2646.98","2.03","0.08"
"300640","RISE 게임테마","8125","-130","-1.57","8103.18","8280","8300","8095","33286","270998800","30468750000","0","3750000","WISE 게임 테마 지수 (시장가격지수)","3888.88","-100.34","-2.52"
"266160","RISE 고배당","29380","205","0.70","29332.25","29195","29755","29120","441870","13013280438","174811000000","0","5950000","FnGuide 고배당포커스 지수","20687.22","91.19","0.44"
"481430","RISE 국고채10년액티브","101765","365","0.36","101708.04","101685","101840","101540","1293","131499390","147661015000","0","1451000","KAP 국고채 10년 지수(총수익)","111.16","0.49","0.44"
"114100","RISE 국고채3년","108050","45","0.04","108084.38","108040","108165","108040","4775","516056710","169206300000","0","1566000","KTB INDEX(시장가격)","10299.83","7.11","0.07"
"282000","RISE 국고채3년선물인버스","112620","-25","-0.02","112581.28","112600","112660","112575","10","1126010","21510420000","0","191000","국채선물지수","1217.92","0.58","0.05"
"451670","RISE 국채30년레버리지(합성)","18100","210","1.17","18094.89","17975","18120","17975","943","17041925","9050000000","0","500000","KAP 국채30년 TR 지수(총수익)","90.04","0.78","0.87"
"295000","RISE 국채선물10년","53160","210","0.40","53200.01","53170","53170","53085","18","955827","7123440000","0","134000","10년국채선물지수","1180.70","3.71","0.32"
"295020","RISE 국채선물10년인버스","57420","-165","-0.29","57359.66","57410","57465","57390","29","1664885","33418440000","0","582000","10년국채선물지수","1180.70","3.71","0.32"
"432600","RISE 국채선물3년","55100","50","0.09","55091.68","55075","55115","55075","37","2038030","5510000000","0","100000","국채선물지수","1217.92","0.58","0.05"
"397420","RISE 국채선물5년추종","50995","105","0.21","50999.58","51010","51010","50970","4","203960","5201490000","0","102000","5년 국채선물 추종 지수","994.54","1.27","0.13"
"0114X0","RISE 글로벌게임테크TOP3Plus","7905","-210","-2.59","7937.16","7980","8015","7870","4720","37478254","5533500000","0","700000","Solactive-KEDI 글로벌 게임 테크 TOP3 플러스 지수","4556.83","-55.11","-1.19"
"437370","RISE 글로벌농업경제","11375","-20","-0.18","11310.22","11360","11395","11280","7751","88078345","6825000000","0","600000","MVIS Global Agribusiness Index(Price Return)","3434.98","5.90","0.17"
"375270","RISE 글로벌데이터센터리츠(합성)","14615","420","2.96","14683.58","14595","14625","14585","5612","82019800","10230500000","0","700000","Kelly Data Center & Tech Infrastructure Net Total Return Index","1830.55","17.43","0.96"
"475380","RISE 글로벌리얼티인컴","11150","185","1.69","11191.78","10980","11160","10980","25324","281878998","32335000000","0","2900000","Solactive Global Realty Income Index(Price Return)","3163.60","60.88","1.96"
"476310","RISE 글로벌비만산업TOP2+","9930","30","0.30","10119.32","9900","9935","9880","2036","20179320","5461500000","0","550000","KEDI 글로벌 비만 산업 Top2+ 지수(Price Return)","3638.99","0.00","0.00"
"417450","RISE 글로벌수소경제","12990","-170","-1.29","12939.64","13100","13100","12785","22367","287318462","18835500000","0","1450000","Indxx Hydrogen Economy Index (PR)","2933.54","-4.45","-0.15"
"442320","RISE 글로벌원자력","41175","-540","-1.29","41438.66","41000","41660","40890","192038","7931077006","382927500000","0","9300000","iSelect 글로벌원자력 지수(시장가격)","5916.61","40.48","0.69"
"461490","RISE 글로벌자산배분액티브","14860","-135","-0.90","14879.66","14900","14920","14845","337488","5021974710","401963000000","0","27050000","Bloomberg Multi-Asset Weighted (KRW ETFs) 지수(시장가격)","2048.37","-15.61","-0.76"
"459750","RISE 글로벌주식분산액티브","17245","-190","-1.09","17206.62","17355","17355","17130","13334","229622085","29316500000","0","1700000","Bloomberg Global Equity Market Weighted Index(Price Return)","2422.61","-11.55","-0.47"
"399580","RISE 글로벌클린에너지","10190","-170","-1.64","10103.59","10085","10195","9975","18206","184399458","10190000000","0","1000000","S&P Global Clean Energy Transition Index (Price Return)","1174.13","-4.13","-0.35"
"276650","RISE 글로벌테크놀로지(합성 H)","37750","-1020","-2.63","37933.38","38027","38050","37730","3465","131164585","28312500000","0","750000","S&P Global 1200 Information Technology and Interactive Media & Services(PR)","4029.71","-19.74","-0.49"
"336160","RISE 금융채액티브","101725","50","0.05","101708.61","101705","101745","101695","539","54833750","42724500000","0","420000","KIS 종합채권금융채 2.5Y-3Y 지수 (총수익)","139.75","0.10","0.07"
"326230","RISE 내수주플러스","12775","-25","-0.20","12786.12","12795","12855","12700","48872","624072060","13797000000","0","1080000","FnGuide 내수주플러스 지수","1763.14","0.07","0.00"
"367760","RISE 네트워크인프라","28940","-320","-1.09","28913.53","28955","29475","28900","238413","6959615897","102737000000","0","3550000","FnGuide 네트워크 인프라 지수","3998.76","-52.61","-1.30"
"272560","RISE 단기국공채액티브","113415","5","0.00","113429.87","113430","113435","113415","6561","744191290","194053065000","0","1711000","KIS 종합채권국공채3M~1.5Y지수","138.98","0.08","0.06"
"385550","RISE 단기채권알파액티브","112452","17","0.02","112454.03","112385","112460","112385","8350","938826962","271684032000","0","2416000","KIS 단기채권알파지수(AA-이상)(총수익지수)","127.22","0.08","0.06"
"196230","RISE 단기통안채","115485","25","0.02","115483.51","115475","115485","115475","2031","234532268","183967605000","0","1593000","KIS 통안채 5개월 지수(총수익)","13105.24","5.55","0.04"
"0061Z0","RISE 단기특수은행채액티브","50235","5","0.01","50229.36","50230","50235","50230","2129","106946395","1282901430000","0","25538000","KAP 단기 특수은행채 지수(시장가격)","115.53","0.05","0.04"
"315960","RISE 대형고배당10TR","56310","-90","-0.16","56146.77","56400","57040","55940","423081","23915573764","335044500000","0","5950000","WISE 대형고배당10 TR 지수","6594.20","-21.96","-0.33"
"0138D0","RISE 동학개미","13495","-175","-1.28","13542.27","13450","13737","13395","25589","346801165","11470750000","0","850000","FnGuide 동학개미 지수","4672.51","-59.78","-1.26"
"455890","RISE 머니마켓액티브","54545","5","0.01","54547.19","54545","54547","54540","317465","17315717128","2108382430000","0","38654000","KIS 시가평가 MMF 지수 (총수익지수)","119.60","0.05","0.04"
"401170","RISE 메타버스","8015","-125","-1.54","8005.49","8120","8185","7985","26305","211371440","102592000000","0","12800000","iSelect 메타버스 지수(시장가격지수)","1677.09","-32.19","-1.88"
"481340","RISE 미국30년국채액티브","9975","175","1.79","9986.01","9980","9990","9955","42356","422567677","30423750000","0","3050000","Bloomberg U.S Treasury 20+ Year Total Return Index","608.59","2.84","0.47"
"472870","RISE 미국30년국채엔화노출(합성 H)","8220","90","1.11","8276.06","8180","8275","8180","1363657","11219182544","373188000000","0","45400000","KIS 미국채30년 엔화노출 지수(USD/JPY 헤지)(총수익지수)","7330.08","78.01","1.08"
"472830","RISE 미국30년국채커버드콜(합성)","9185","105","1.16","9210.67","9190","9195","9165","34242","314411676","59702500000","0","6500000","Bloomberg U.S. Treasury 20+ Year (TLT) 2% OTM Covered Call Index(TR)","983.98","4.76","0.49"
"485690","RISE 미국AI밸류체인TOP3Plus","16855","-350","-2.03","16895.62","16915","16995","16765","38730","655051244","69105500000","0","4100000","KEDI 미국 AI 밸류체인 TOP3 Plus 지수(Price Return)","7306.97","0.00","0.00"
"490590","RISE 미국AI밸류체인데일리고정커버드콜","12535","-235","-1.84","12535.11","12570","12590","12510","593195","7444897102","479463750000","0","38250000","KEDI 미국 AI밸류체인 90%참여+데일리옵션 프리미엄 지수(TR)","8141.05","0.00","0.00"
"0127R0","RISE 미국AI클라우드인프라","11285","-195","-1.70","11299.71","11420","11420","11225","10018","112859820","11285000000","0","1000000","Akros 미국 AI 클라우드 인프라 지수(Price Return)","8704.86","0.00","0.00"
"495940","RISE 미국AI테크액티브","14430","-235","-1.60","14467.32","14660","14660","14400","8531","123198722","38239500000","0","2650000","Solactive US AI Tech Active Index PR","6159.96","-45.78","-0.74"
"379780","RISE 미국S&P500","21335","-415","-1.91","21395.98","21360","21415","21310","795950","17004780982","1399576000000","0","65600000","S&P 500","6836.17","3.41","0.05"
"453330","RISE 미국S&P500(H)","16215","-340","-2.05","16249.50","16290","16300","16215","23196","377035062","90804000000","0","5600000","S&P 500","6836.17","3.41","0.05"
"0138T0","RISE 미국S&P500데일리고정커버드콜","9615","-180","-1.84","9647.85","9710","9710","9590","106900","1028132592","29325750000","0","3050000","S&P500 10% Daily Fixed Covered Call Index","341.94","0.23","0.07"
"0005C0","RISE 미국S&P500엔화노출(합성 H)","11060","-190","-1.69","11099.35","11240","11240","11060","432","4787045","8848000000","0","800000","S&P500 Yen Hedged Index(PR)","2848.77","0.92","0.03"
"460660","RISE 미국S&P배당킹","12260","80","0.66","12187.62","12150","12960","12110","298899","3663047625","18390000000","0","1500000","S&P Dividend Monarchs Index(Price Return)","1330.25","9.72","0.74"
"219390","RISE 미국S&P원유생산기업(합성 H)","6330","-350","-5.24","6430.28","6500","6500","6275","68394","433648840","17407500000","0","2750000","S&P Oil & Gas Exploration & Production Select Industry Index(PR)","5576.43","0.00","0.00"
"0115C0","RISE 미국고배당다우존스TOP10","11435","-210","-1.80","11440.69","11460","11475","11370","32878","375941728","19439500000","0","1700000","Dow Jones U.S. High Dividend 10 Index","4143.53","35.40","0.86"
"354240","RISE 미국고정배당우선증권","11460","-35","-0.30","11561.00","11555","11590","11435","10187","116920255","14325000000","0","1250000","ICE BofAML Core Plus Fixed Rate Preferred Securities Index(PR)","78.80","0.19","0.24"
"368590","RISE 미국나스닥100","26260","-595","-2.22","26359.71","26325","26390","26230","329789","8676119536","1236846000000","0","47100000","NASDAQ 100","24732.73","45.12","0.18"
"437350","RISE 미국단기투자등급회사채액티브","12740","70","0.55","12737.31","12705","12740","12695","16078","204485450","28028000000","0","2200000","Bloomberg US Corporate 1-5 Years Total Return Index","269.13","0.28","0.10"
"455960","RISE 미국달러SOFR금리액티브(합성)","12385","10","0.08","12424.37","12385","12385","12345","1257","15551249","57837950000","0","4670000","KAP SOFR 지수","123.20","0.02","0.02"
"469530","RISE 미국달러선물인버스","9010","5","0.06","8993.57","9015","9015","9010","146","1315590","5766400000","0","640000","미국달러선물지수","1611.88","4.47","0.28"
"469060","RISE 미국반도체NYSE","24675","-480","-1.91","24413.49","24775","24995","24535","344427","8515817619","34545000000","0","1400000","NYSE Semicondoctor Index(Price Return)","1811.93","16.61","0.93"
"469050","RISE 미국반도체NYSE(H)","21660","-505","-2.28","21466.70","21645","21845","21580","35349","766272630","21660000000","0","1000000","NYSE Semicondoctor Index(Price Return)","1811.93","16.61","0.93"
"491630","RISE 미국반도체인버스(합성 H)","9785","335","3.54","9761.97","9690","9785","9625","2672","25962162","4403250000","0","450000","NYSE Semicondoctor Index(Price Return)","1811.93","16.61","0.93"
"490600","RISE 미국배당100데일리고정커버드콜","9420","-55","-0.58","9405.44","9475","9475","9380","180146","1695500712","111627000000","0","11850000","KEDI 미국 배당100 90%참여+데일리옵션 프리미엄 지수(총수익지수)","2370.95","0.00","0.00"
"0018Z0","RISE 미국양자컴퓨팅","14945","-500","-3.24","14981.03","14995","15035","14925","11575","173168054","14945000000","0","1000000","Solactive US Quantum Computing Technology Index PR","5814.45","70.31","1.22"
"0013P0","RISE 미국은행TOP10","11450","-510","-4.26","11538.69","11520","11585","11430","63294","729031712","14885000000","0","1300000","KEDI 미국 은행 TOP10 지수","2432.55","0.00","0.00"
"267440","RISE 미국장기국채선물(H)","8540","55","0.65","8548.16","8540","8550","8525","1625","13868152","6832000000","0","800000","S&P U.S. Treasury Bond Futures Excess Return Index","213.86","0.91","0.43"
"267490","RISE 미국장기국채선물레버리지(합성 H)","5740","75","1.32","5752.25","5755","5785","5740","852","4900025","5453000000","0","950000","S&P U.S. Treasury Bond Futures Excess Return Index","213.86","0.91","0.43"
"267450","RISE 미국장기국채선물인버스(H)","10565","-85","-0.80","10561.46","10550","10565","10540","22","232045","5282500000","0","500000","S&P U.S. Treasury Bond Futures Excess Return Index","213.86","0.91","0.43"
"0036Z0","RISE 미국천연가스밸류체인","12140","-140","-1.14","12214.39","12280","12280","12005","7233","87813325","8498000000","0","700000","Solactive US Natural Gas Value Chain Index PR","1822.12","29.67","1.66"
"491620","RISE 미국테크100데일리고정커버드콜","10290","-245","-2.33","10312.59","10310","10330","10275","758613","7816000109","318475500000","0","30950000","KEDI 미국 테크100 90%참여+데일리옵션 프리미엄 지수(TR)","3926.86","0.00","0.00"
"0036R0","RISE 미국휴머노이드로봇","16765","-460","-2.67","16868.11","16880","16915","16765","104366","1756761931","112325500000","0","6700000","KEDI 미국 휴머노이드 로봇 지수(시장가격)","6604.55","0.00","0.00"
"0000Z0","RISE 바이오TOP10액티브","15815","-315","-1.95","15845.97","15880","15960","15725","168136","2660556638","54561750000","0","3450000","KRX 바이오 TOP 10 지수","2750.75","-28.93","-1.04"
"446700","RISE 배터리 리사이클링","13185","-345","-2.55","13182.06","13425","13425","13115","12966","171758019","16876800000","0","1280000","iSelect 배터리 리사이클링 지수","3483.80","-107.57","-3.00"
"475350","RISE 버크셔포트폴리오TOP10","14025","-315","-2.20","14074.90","13985","14070","13985","45405","636982638","72228750000","0","5150000","Solactive Berkshire Portfolio Top10 Index(PR)","2866.39","-20.18","-0.70"
"388420","RISE 비메모리반도체액티브","19925","-355","-1.75","19875.81","19875","20240","19830","361340","7239886755","207618500000","0","10420000","iSelect 비메모리반도체 지수(시장가격지수)","5492.57","-99.49","-1.78"
"448630","RISE 삼성그룹Top3채권혼합","13375","0","0.00","13367.60","13325","13440","13310","388465","5196193781","189925000000","0","14200000","Bloomberg Blended Samsung Group Fixed Top 3 Equity and Korean Bond Index","2380.11","0.42","0.02"
"367770","RISE 수소경제테마","23350","-250","-1.06","23303.77","23380","23620","23130","66011","1544659865","143602500000","0","6150000","FnGuide 수소 경제 테마 지수","2940.87","-40.84","-1.37"
"140570","RISE 수출주","21985","-275","-1.24","21936.17","22030","22195","21805","12169","267523190","10992500000","0","500000","MKF 수출주 지수","21844.26","-346.60","-1.56"
"0093B0","RISE 엔비디아고정테크100","10890","-240","-2.16","10923.67","10920","10930","10855","6649","72441519","11434500000","0","1050000","KEDI 엔비디아고정테크100 지수(PR)","7757.49","0.00","0.00"
"140580","RISE 우량업종대표주","24115","275","1.15","24042.80","24025","24355","23925","2746","66459810","14469000000","0","600000","MKF 우량업종대표주 지수","24019.22","71.48","0.30"
"379790","RISE 유로스탁스50(H)","16255","-160","-0.97","16374.25","16375","16405","16220","3929","64216578","12191250000","0","750000","EURO STOXX 50 Index","5985.23","-26.06","-0.43"
"498610","RISE 인도디지털성장","9240","-250","-2.63","9272.48","9725","9725","9120","5343","49508625","5544000000","0","600000","MarketVector Digital India Index(INR)(Price Return)			","3584.23","-64.11","-1.76"
"488480","RISE 일본섹터TOP4Plus","14260","-160","-1.11","14152.03","14530","14530","14185","12838","182961826","7130000000","0","500000","Solactive Japan Samurai Sector TOP4 Plus Index(PR)","3117.63","-63.08","-1.98"
"385540","RISE 종합채권(A-이상)액티브","106050","240","0.23","106012.23","105965","106090","105930","2367","250962011","1751946000000","0","16520000","KIS 종합채권 지수(A-이상)(총수익지수)","123.61","0.37","0.30"
"183710","RISE 주식혼합","74545","160","0.22","74211.70","74500","75275","74340","1580","118260815","14909000000","0","200000","주식국채혼합(주식형)지수","3005.89","0.84","0.03"
"310080","RISE 중국MSCI China(H)","10535","-160","-1.50","10549.37","10650","10690","10420","3719","39147100","13168750000","0","1250000","MSCI China Index(USD, Price Return)","82.87","-1.25","-1.49"
"463300","RISE 중국본토CSI300","13520","-200","-1.46","13668.21","13830","13830","13505","2714","37043975","21632000000","0","1600000","CSI 300 Index","4660.41","-59.17","-1.25"
"174360","RISE 중국본토대형주CSI100","24065","-240","-0.99","24159.68","24290","24295","24062","10740","259694403","52943000000","0","2200000","CSI A100","4556.33","-63.66","-1.38"
"136340","RISE 중기우량회사채","105615","95","0.09","105607.67","105560","105650","105560","6381","673963640","136032120000","0","1288000","KOBI 크레딧 지수(총수익)","16116.29","13.44","0.08"
"281990","RISE 중소형고배당","19185","270","1.43","19162.39","18975","19320","18830","4855","92313381","14388750000","0","750000","FnGuide 중소형고배당포커스 지수","18550.30","149.76","0.81"
"272570","RISE 중장기국공채액티브","108815","80","0.07","108823.22","108870","108915","108815","212","23079850","24483375000","0","225000","KIS 종합채권국공채4~5Y지수","149.77","0.25","0.17"
"250730","RISE 차이나HSCEI(H)","10575","-130","-1.21","10602.40","10705","10775","10500","7176","75934830","20092500000","0","1900000","Hang Seng China H","9015.47","-159.71","-1.74"
"291680","RISE 차이나H선물인버스(H)","7550","150","2.03","7522.27","7430","7565","7385","238","1774864","3775000000","0","500000","Hang Seng China Enterprises Futures Index(Price Return)","11320.44","-204.64","-1.78"
"0094L0","RISE 차이나테크TOP10위클리타겟커버드콜","9445","-100","-1.05","9540.50","9505","9505","9355","30203","283499850","14639750000","0","1550000","Bloomberg China Tech Select TOP 10 + 12% Target Premium Weekly Index","1134.79","-15.57","-1.35"
"371150","RISE 차이나항셍테크","8285","-40","-0.48","8333.65","8510","8510","8185","30813","254188040","19884000000","0","2400000","Hang Seng TECH Index","5360.42","-48.56","-0.90"
"183700","RISE 채권혼합","84400","90","0.11","84079.75","84460","84915","84135","8329","703046681","20256000000","0","240000","주식국채혼합(채권형)지수","2148.53","0.81","0.04"
"498860","RISE 코리아금융고배당","21490","690","3.32","21433.10","21535","21980","21000","389405","8329068709","44054500000","0","2050000","iSelect 코리아 금융 고배당 지수","3266.51","111.37","3.53"
"495050","RISE 코리아밸류업","24290","30","0.12","24237.53","24230","24570","24100","4380923","106772293701","661902500000","0","27250000","코리아 밸류업 지수","2458.82","-5.29","-0.21"
"0094M0","RISE 코리아밸류업위클리고정커버드콜","16105","75","0.47","16105.63","16020","16305","15995","258893","4183404754","24962750000","0","1550000","코리아 밸류업 위클리 커버드콜 30% 지수","2745.93","-6.15","-0.22"
"0151P0","RISE 코리아전략산업액티브","12690","-20","-0.16","12692.02","12675","12810","12545","483218","6122880447","78043500000","0","6150000","KAP 코리아전략산업지수","3581.98","-11.00","-0.31"
"270810","RISE 코스닥150","18820","-415","-2.16","18848.30","18945","19085","18725","961010","18130269706","507387200000","0","26960000","코스닥 150","1902.19","-44.31","-2.28"
"278240","RISE 코스닥150선물레버리지","18810","-775","-3.96","18848.05","19170","19325","18610","49779","940931315","137877300000","0","7330000","F-코스닥150 지수","2205.74","-42.48","-1.89"
"275750","RISE 코스닥150선물인버스","2310","55","2.44","2304.95","2285","2315","2280","12233","28138645","1732500000","0","750000","F-코스닥150 지수","2205.74","-42.48","-1.89"
"302450","RISE 코스피","57300","85","0.15","57197.65","57290","57900","56920","6524","374303215","312285000000","0","5450000","코스피","5507.03","-15.24","-0.28"
"0047P0","RISE 테슬라고정테크100","13335","-370","-2.70","13404.29","13450","13450","13320","22399","299435095","20669250000","0","1550000","KEDI 테슬라고정테크100 지수(PR)","7292.57","0.00","0.00"
"0013R0","RISE 테슬라미국채타겟커버드콜혼합(합성)","9525","-45","-0.47","9604.41","9570","9625","9515","92389","882312291","36195000000","0","3800000","KEDI 테슬라미국30년국채15%타겟프리미엄 혼합지수(TR)","2832.25","0.00","0.00"
"449580","RISE 테슬라애플아마존채권혼합","16070","-425","-2.58","15942.93","15970","16525","15950","26153","418529492","17677000000","0","1100000","iSelect 테슬라 애플 아마존 채권혼합지수(Price Return)","4134.42","-48.29","-1.15"
"334690","RISE 팔라듐선물(H)","7865","-315","-3.85","7931.52","7830","7965","7750","25516","200487274","6685250000","0","850000","S&P GSCI Palladium Excess Return Index","980.72","26.24","2.75"
"334700","RISE 팔라듐선물인버스(H)","2870","110","3.99","2873.79","2845","2900","2835","6783","19520085","1722000000","0","600000","S&P GSCI Palladium Excess Return Index","980.72","26.24","2.75"
"0047R0","RISE 팔란티어고정테크100","12575","-390","-3.01","12600.52","12645","12645","12530","35714","449143094","32695000000","0","2600000","KEDI 팔란티어고정테크100 지수(PR)","4343.74","0.00","0.00"
"253280","RISE 헬스케어","18380","-205","-1.10","18427.91","18530","18535","18285","37529","692705615","11028000000","0","600000","FnGuide 헬스케어 지수","4686.60","-46.87","-0.99"
"253290","RISE 헬스케어채권혼합","13115","-5","-0.04","13175.91","13185","13185","13065","31662","415346880","23607000000","0","1800000","FnGuide 헬스케어 채권혼합 지수","2322.93","-6.48","-0.28"
"411540","SOL 200 Top10","15615","105","0.68","15593.98","15525","15770","15480","33120","517009015","24984000000","0","1600000","코스피 200 Top 10 지수","2376.23","-14.27","-0.60"
"295040","SOL 200TR","30580","0","0.00","30544.78","30530","31015","30370","570065","17482075490","339438000000","0","11100000","코스피 200 TR","1072.14","-2.22","-0.21"
"488980","SOL 26-12 회사채(AA-이상)액티브","51315","10","0.02","51326.33","51325","51325","51315","21","1077625","277306260000","0","5404000","KAP 26-12 크레딧 채권지수(AA-이상, 총수익)","108.55","0.07","0.06"
"0092C0","SOL 27-12 회사채(AA-이상)액티브","49725","15","0.03","49717.88","49715","49725","49715","12","596600","194524200000","0","3912000","KAP 27-12 크레딧 채권지수(AA-이상, 총수익)","103.15","0.07","0.07"
"455860","SOL 2차전지소부장Fn","6200","-200","-3.13","6195.32","6295","6365","6170","1038120","6469854616","176700000000","0","28500000","FnGuide 2차전지 소부장 지수(PR)","3832.99","-126.15","-3.19"
"455850","SOL AI반도체소부장","22355","-480","-2.10","22266.19","22455","22605","22110","2080627","46528328283","807015500000","0","36100000","FnGuide AI 반도체 소부장 지수","3798.62","-138.19","-3.51"
"497880","SOL CD금리&머니마켓액티브","50080","10","0.02","50078.57","50075","50080","50075","74858","3748759870","177984320000","0","3554000","KAP CD&단기자금시장지수(PR)","119.17","0.06","0.05"
"363510","SOL KIS단기통안채","110720","5","0.00","110727.19","110730","110730","110720","8","885800","35762560000","0","323000","KIS 단기통안채 Index(총수익)","12639.42","5.31","0.04"
"292500","SOL KRX300","38025","65","0.17","38043.64","37990","38510","37960","514","19655150","19012500000","0","500000","KRX 300","3647.17","-11.62","-0.32"
"404650","SOL KRX기후변화솔루션","21010","-405","-1.89","21010.57","21220","21235","20990","4098","86720215","12606000000","0","600000","KRX 기후변화 솔루션지수","4041.32","-87.04","-2.11"
"490480","SOL K방산","33050","375","1.15","32968.46","32445","33530","32200","162405","5332457439","112370000000","0","3400000","KEDI K방산 지수(PR)","7112.55","25.58","0.36"
"438570","SOL 국고채10년","101885","395","0.39","101805.95","101825","101930","101630","4691","477848060","143148425000","0","1405000","KAP 국고채10년지수(총수익지수)","112.93","0.35","0.31"
"474390","SOL 국고채30년액티브","48170","315","0.66","48222.01","48150","48330","48150","404","19502390","6454780000","0","134000","KAP 국고채30년 지수(TR)","89.94","0.99","1.11"
"438560","SOL 국고채3년","100330","60","0.06","100331.32","100270","100385","100270","119","11934540","39730680000","0","396000","KAP 국고채3년지수(총수익지수)","120.52","0.12","0.10"
"0066W0","SOL 국제금","15165","-285","-1.84","15052.86","15035","15255","14990","375929","5699985710","141792750000","0","9350000","KEDI 국제금현물 ETF 가격지수(PR)","3850.91","0.00","0.00"
"0022T0","SOL 국제금커버드콜액티브","15795","-315","-1.96","15723.24","15570","15900","15570","180245","2843492976","80554500000","0","5100000","KEDI 골드인컴프리미엄 지수(NTR)","3301.01","0.00","0.00"
"400590","SOL 글로벌탄소배출권선물ICE(합성)","12580","-650","-4.91","12489.12","12760","12760","12405","14117","177742595","6290000000","0","500000","ICE Global Carbon Futures Index(Excess Return)","564.85","-11.38","-1.98"
"484880","SOL 금융지주플러스고배당","23690","-75","-0.32","23611.30","23900","24410","23405","2854313","68030878036","360088000000","0","15200000","FnGuide 금융지주플러스고배당 지수(PR)","3331.16","-3.77","-0.11"
"484890","SOL 머니마켓액티브","51800","0","0.00","51796.56","51805","51805","51800","10782","558551035","11292400000","0","218000","KAP 시가 MMF 지수(TR)","119.81","0.06","0.05"
"461600","SOL 미국30년국채액티브(H)","8895","100","1.14","8906.59","8930","8930","8890","43087","383830446","44030250000","0","4950000","KAP 미국채 20Y+ 지수(시장가격)","60.55","-0.05","-0.08"
"473330","SOL 미국30년국채커버드콜(합성)","9245","90","0.98","9287.66","9250","9255","9220","483816","4471885238","388290000000","0","42000000","KEDI 미국 국채 20년+ 커버드콜 지수(NTR)","1090.02","0.00","0.00"
"494210","SOL 미국500타겟데일리커버드콜액티브","10730","-205","-1.87","10772.85","10900","10900","10700","9086","97532342","8584000000","0","800000","KEDI 미국퀄리티500+월1%프리미엄 지수(NTR)","2830.96","0.00","0.00"
"479620","SOL 미국AI반도체칩메이커","15650","-430","-2.67","15734.06","15760","15805","15650","18246","286956380","35212500000","0","2250000","Solactive US AI Semiconductor Chip Makers Index(PR)","7288.60","-30.64","-0.42"
"481180","SOL 미국AI소프트웨어","11865","-305","-2.51","11914.10","11930","11930","11845","257538","3060013858","147126000000","0","12400000","KEDI 미국 AI 소프트웨어지수(PR)","3729.70","0.00","0.00"
"486450","SOL 미국AI전력인프라","20330","-440","-2.12","20487.53","20610","20610","20325","145957","2979649007","270389000000","0","13300000","KEDI 미국AI전력인프라 지수(PR)","10193.03","0.00","0.00"
"433330","SOL 미국S&P500","20425","-365","-1.76","20489.89","20445","20505","20410","99638","2037429262","218547500000","0","10700000","S&P 500","6836.17","3.41","0.05"
"399110","SOL 미국S&P500ESG","19475","-350","-1.77","19537.67","19835","19835","19280","59969","1167657597","111007500000","0","5700000","S&P500 Scored&Screened(PR)","607.79","-1.09","-0.18"
"0080X0","SOL 미국S&P500미국채혼합50","10985","-115","-1.04","11051.60","11000","11020","10970","231294","2544255110","59319000000","0","5400000","S&P 500 and iBoxx $ Treasuries 7-10Y 5050 Blend Index(USD) PR/TR Hybrid","469.70","0.96","0.20"
"499150","SOL 미국S&P500엔화노출(H)","10710","-180","-1.65","10738.78","10630","10735","10630","301","3220055","8568000000","0","800000","S&P500 Yen Hedged Index(PR)","2848.77","0.92","0.03"
"447620","SOL 미국TOP5채권혼합40 Solactive","14560","-95","-0.65","14675.49","14640","14640","14530","56270","818752713","104832000000","0","7200000","Solactive US TOP5 Balanced40 Index","1932.64","-19.38","-0.99"
"476030","SOL 미국나스닥100","14910","-335","-2.20","14966.61","14945","14985","14900","126393","1888057212","82750500000","0","5550000","NASDAQ 100","24732.73","45.12","0.18"
"0118S0","SOL 미국넥스트테크TOP10액티브","9055","-345","-3.67","9088.33","9105","9125","9030","247427","2243705570","54782750000","0","6050000","KEDI 미국넥스트테크TOP10(PR)","2493.69","0.00","0.00"
"446720","SOL 미국배당다우존스","13215","-150","-1.12","13203.99","13300","13300","13165","444822","5884856460","869547000000","0","65800000","Dow Jones U.S. Dividend 100 Price Return Index","6682.98","52.78","0.80"
"452360","SOL 미국배당다우존스(H)","12455","-155","-1.23","12412.88","12540","12545","12420","126715","1582025978","206753000000","0","16600000","Dow Jones U.S. Dividend 100 Price Return Index","6682.98","52.78","0.80"
"493420","SOL 미국배당다우존스2호","12185","-110","-0.89","12182.34","12200","12220","12070","13109","159511241","31681000000","0","2600000","Dow Jones U.S. Dividend 100 Index(TR)","17033.94","144.82","0.86"
"490490","SOL 미국배당미국채혼합50","11355","5","0.04","11301.55","11290","11360","11240","334295","3783514431","367902000000","0","32400000","KRX 다우존스 미국배당국채 혼합지수","1384.02","-3.67","-0.26"
"0023A0","SOL 미국양자컴퓨팅TOP10","22385","-735","-3.18","22055.70","22050","22385","21995","521791","11558944041","413003250000","0","18450000","KEDI 미국양자컴퓨팅 TOP10(PR)","7599.68","0.00","0.00"
"0051G0","SOL 미국원자력SMR","15940","-435","-2.66","16029.51","15970","16025","15915","469212","7489270664","300469000000","0","18850000","KEDI 미국원자력 SMR 지수(PR)","11248.97","0.00","0.00"
"481190","SOL 미국테크TOP10","15425","-460","-2.90","15513.60","15510","15515","15420","357999","5540342631","288447500000","0","18700000","Solactive US Tech TOP 10 Custom Index(PR)","2506.82","-32.61","-1.28"
"481200","SOL 미국테크TOP10인버스(합성)","6210","175","2.90","6199.67","6210","6225","6175","836","5179150","2484000000","0","400000","Solactive US Tech TOP 10 Custom Index(PR)","2506.82","-32.61","-1.28"
"475300","SOL 반도체전공정","16595","-465","-2.73","16617.32","16440","16850","16440","468787","7792719170","72188250000","0","4350000","FnGuide 반도체 전공정 지수(PR)","3246.87","-135.51","-4.01"
"475310","SOL 반도체후공정","23650","-575","-2.37","23634.92","23860","24100","23510","138124","3286077707","44935000000","0","1900000","FnGuide 반도체 후공정 지수(PR)","7020.95","-221.04","-3.05"
"0152E0","SOL 배당성향탑픽액티브","12585","150","1.21","12571.13","12615","12780","12440","512059","6456156516","43418250000","0","3450000","FnGuide 배당성향탑픽 지수(PR)","2413.23","41.22","1.74"
"400580","SOL 유럽탄소배출권선물S&P(H)","10380","-810","-7.24","10308.78","10490","10490","10345","8363","86649028","5190000000","0","500000","S&P GSCI Carbon Emission Allowances(EUA)(EUR)ER","215.32","-2.39","-1.10"
"464610","SOL 의료기기소부장Fn","11250","-225","-1.96","11258.17","11300","11375","11110","71871","807798369","15750000000","0","1400000","FnGuide 의료기기소부장지수(PR)","1862.92","-31.04","-1.64"
"466930","SOL 자동차TOP3플러스","20700","-300","-1.43","20721.47","20770","21030","20670","374799","7803235973","216315000000","0","10450000","FnGuide 자동차TOP3플러스지수(PR)","3244.35","-56.85","-1.72"
"464600","SOL 자동차소부장Fn","16205","-545","-3.25","16176.03","16345","16405","16150","26575","432440308","13774250000","0","850000","FnGuide 자동차소부장지수(PR)","2135.50","-59.40","-2.71"
"0005D0","SOL 전고체배터리&실리콘음극재","18140","-385","-2.08","18113.99","18105","18375","17970","594427","10801218958","153283000000","0","8450000","FnGuide 전고체배터리&실리콘음극재 지수(PR)","2755.45","-68.50","-2.43"
"466920","SOL 조선TOP3플러스","35240","-135","-0.38","35245.64","34955","35695","34780","1686688","59453022113","1895912000000","0","53800000","FnGuide 조선TOP3플러스지수(PR)","5976.55","-37.81","-0.63"
"0080Y0","SOL 조선TOP3플러스레버리지","18080","-210","-1.15","18063.66","18000","18525","17540","469414","8461756413","144640000000","0","8000000","FnGuide 조선TOP3플러스지수(PR)","5972.67","-41.69","-0.69"
"0141S0","SOL 조선기자재","10525","35","0.33","10536.60","10380","10745","10260","401739","4226045620","27891250000","0","2650000","FnGuide 조선기자재 지수(PR)","3610.98","0.04","0.00"
"436140","SOL 종합채권(AA-이상)액티브","109410","245","0.22","109381.87","109365","109490","109310","47812","5232927155","1111058550000","0","10155000","KAP K-종합채권지수(AA-이상, 총수익)","160.54","0.49","0.31"
"0141T0","SOL 중기종합채권(AA-이상)액티브","50100","65","0.13","50102.07","50120","50120","50100","32","1603570","41082000000","0","820000","KAP K-중기종합채권지수(AA-이상,총수익)","124.59","0.12","0.10"
"0016X0","SOL 중단기회사채(A-이상)액티브","50810","20","0.04","50808.59","50810","50820","50800","8860","450155805","362580160000","0","7136000","KIS 중단기크레딧플러스채권(AA+~A-)지수(총수익)","121.87","0.09","0.07"
"220130","SOL 차이나강소기업CSI500(합성 H)","6940","-75","-1.07","6956.13","7065","7065","6940","763","5346370","5552000000","0","800000","CSI 500 지수","8299.58","-123.98","-1.47"
"0131A0","SOL 차이나소비트렌드","10275","-40","-0.39","10406.93","10320","10410","10165","1284","13163840","8220000000","0","800000","SOLACTIVE-KEDI CHINA CONSUMER TREND INDEX(PR)","2114.07","-24.31","-1.14"
"415760","SOL 차이나육성산업액티브(합성)","11980","-100","-0.83","12140.81","12045","12200","11975","45535","548875190","26595600000","0","2220000","STAR 50 Index(Price Return)","1470.33","-10.67","-0.72"
"413220","SOL 차이나태양광CSI(합성)","6220","-190","-2.96","6258.15","6440","6440","6220","41003","259532295","7464000000","0","1200000","CSI Photovoltaic Industry Index(PR)","3251.43","-102.42","-3.05"
"469830","SOL 초단기채권액티브","53430","15","0.03","53427.15","53420","53432","53420","219955","11751661420","915469620000","0","17134000","KAP 단기자금시장지수","122.36","0.06","0.05"
"0105E0","SOL 코리아고배당","14030","105","0.75","13978.96","13970","14220","13850","1861722","26158088587","510692000000","0","36400000","FnGuide 코리아 고배당 지수(PR)","2620.19","13.60","0.52"
"444200","SOL 코리아메가테크액티브","40790","-240","-0.58","40689.18","40510","41120","40350","697413","28456879125","736259500000","0","18050000","KEDI 메가테크지수(PR)","6768.68","-50.69","-0.74"
"495550","SOL 코리아밸류업TR","24700","-55","-0.22","24633.20","24700","24985","24460","90941","2255111130","101270000000","0","4100000","코리아 밸류업 TR 지수","2559.50","-5.51","-0.21"
"450910","SOL 코스닥150","18605","-385","-2.03","18610.12","18775","18865","18490","137419","2564430885","52094000000","0","2800000","코스닥 150","1902.19","-44.31","-2.28"
"0040X0","SOL 팔란티어미국채커버드콜혼합","10010","-165","-1.62","10111.85","9990","10070","9980","871369","8739304246","199699500000","0","19950000","KEDI 팔란티어미국채커버드콜혼합지수(NTR)","2331.61","0.00","0.00"
"0040Y0","SOL 팔란티어커버드콜OTM채권혼합","8900","-110","-1.22","8867.45","8950","8950","8840","716598","6351712785","316840000000","0","35600000","KEDI 팔란티어커버드콜OTM 채권혼합지수(NTR)","1811.93","0.00","0.00"
"0105D0","SOL 한국AI소프트웨어","11235","-175","-1.53","11236.86","11280","11340","11155","32115","360760030","15167250000","0","1350000","KEDI 한국AI소프트웨어 지수(PR)","960.19","-16.26","-1.67"
"0092B0","SOL 한국원자력SMR","15820","-5","-0.03","15794.27","15720","16170","15495","865511","13793017958","102830000000","0","6500000","FnGuide 한국원자력 SMR 지수(PR)","3088.70","-16.28","-0.52"
"423170","SOL 한국형글로벌반도체액티브","39420","-265","-0.67","39523.90","38925","39830","38925","37917","1499157910","115894800000","0","2940000","S&P Global Semiconductor Korea Tilted Index(PR)","16964.59","-167.82","-0.98"
"429980","SOL 한국형글로벌전기차&2차전지액티브","16100","-330","-2.01","16190.15","16420","16420","16100","433","7008197","8050000000","0","500000","FactSet Global Electric Vehicle and Rechargeable Battery Korea-Tilted Index(PR)","423.32","1.62","0.38"
"0008T0","SOL 화장품TOP3플러스","14545","-95","-0.65","14578.09","14570","14750","14420","475162","6936944547","93088000000","0","6400000","FnGuide 화장품TOP3 플러스 지수(PR)","2112.49","-27.68","-1.29"
"0139F0","TIGER 12월자동연장금융채(AA-이상)액티브","100590","40","0.04","100587.07","100635","100635","100575","72","7241615","1135258740000","0","11286000","KIS 12월 만기 자동연장금융채(AA-이상) 총수익지수","117.07","0.08","0.07"
"102110","TIGER 200","81835","-110","-0.13","81813.01","81835","83085","81330","4175643","342964071995","6579534000000","0","80400000","코스피 200","814.59","-1.69","-0.21"
"139260","TIGER 200 IT","76865","-1005","-1.29","76692.36","77320","78280","76640","403746","31274469402","707158000000","0","9200000","코스피 200 정보기술","7825.22","-104.47","-1.32"
"139220","TIGER 200 건설","6640","-60","-0.90","6623.53","6635","6845","6600","743811","4981368007","41566400000","0","6260000","코스피 200 건설","656.29","-8.45","-1.27"
"139290","TIGER 200 경기소비재","27845","-165","-0.59","27846.83","27935","28315","27620","104799","2920405915","9467300000","0","340000","코스피 200 경기소비재","2783.60","-29.40","-1.05"
"139270","TIGER 200 금융","17555","65","0.37","17513.35","17660","18100","17310","589965","10423686642","36865500000","0","2100000","코스피 200 금융","1787.18","3.80","0.21"
"227550","TIGER 200 산업재","12725","-90","-0.70","12725.57","12750","12900","12550","2376","30237640","3308500000","0","260000","코스피 200 산업재","1249.18","-16.01","-1.27"
"227560","TIGER 200 생활소비재","14405","-55","-0.38","14381.27","14425","14520","14295","14748","212895565","4609600000","0","320000","코스피 200 생활소비재","1478.66","-6.97","-0.47"
"139250","TIGER 200 에너지화학","16830","-230","-1.35","16822.58","16825","17115","16780","55124","933171966","29620800000","0","1760000","코스피 200 에너지/화학","1671.24","-25.54","-1.51"
"139230","TIGER 200 중공업","15440","-360","-2.28","15397.27","15300","15665","15210","540495","8333532573","471537600000","0","30540000","코스피 200 중공업","1471.69","-8.46","-0.57"
"139240","TIGER 200 철강소재","14500","-250","-1.69","14471.26","14645","14645","14320","4472","64710695","6960000000","0","480000","코스피 200 철강/소재","1428.63","-31.08","-2.13"
"227540","TIGER 200 헬스케어","24320","-155","-0.63","24305.17","24475","24475","24090","19064","463113050","37452800000","0","1540000","코스피 200 헬스케어","2561.17","-24.10","-0.93"
"243880","TIGER 200IT레버리지","169730","-2610","-1.51","169231.11","172340","176000","169200","23727","4095722911","84865000000","0","500000","코스피 200 정보기술","7825.22","-104.47","-1.32"
"310960","TIGER 200TR","47695","-80","-0.17","47686.32","47785","48425","47420","59697","2863233651","233705500000","0","4900000","코스피 200 TR","1072.14","-2.22","-0.21"
"252000","TIGER 200동일가중","19945","35","0.18","19928.27","19975","20080","19805","817","16250825","23934000000","0","1200000","코스피 200 동일가중지수","3794.83","-24.53","-0.64"
"267770","TIGER 200선물레버리지","64300","-165","-0.26","64103.59","64280","66260","63475","1067750","69208570031","173610000000","0","2700000","코스피 200 선물지수","4011.56","-9.11","-0.23"
"252710","TIGER 200선물인버스2X","340","-2","-0.58","341.40","343","345","330","54328497","18386768500","49402000000","0","145300000","코스피 200 선물지수","4011.56","-9.11","-0.23"
"243890","TIGER 200에너지화학레버리지","9580","-270","-2.74","9595.14","9770","9900","9525","30774","299130732","6945500000","0","725000","코스피 200 에너지/화학","1671.24","-25.54","-1.51"
"315270","TIGER 200커뮤니케이션서비스","24415","80","0.33","24521.57","24450","24815","24415","7884","193867033","7324500000","0","300000","코스피 200 커뮤니케이션서비스","2448.02","26.11","1.08"
"289480","TIGER 200커버드콜","9965","-15","-0.15","9967.27","9920","9990","9855","105580","1049037365","22919500000","0","2300000","코스피 200 커버드콜 ATM 지수","1581.78","-4.35","-0.27"
"166400","TIGER 200커버드콜OTM","18725","-85","-0.45","18772.98","18810","18885","18710","3071","57752560","9362500000","0","500000","코스피 200 커버드콜 5% OTM","537.12","-1.55","-0.29"
"0104N0","TIGER 200타겟위클리커버드콜","16440","40","0.24","16395.67","16400","16605","16290","476137","7828744265","143028000000","0","8700000","코스피 200 타겟 7% 위클리 커버드콜 지수","2723.34","-5.69","-0.21"
"0001S0","TIGER 26-04 회사채(A+이상)액티브","51075","0","0.00","51079.88","51075","51080","51070","5083","259617941","181622700000","0","3556000","KIS 회사채 2604만기형 지수","109.75","0.06","0.05"
"480260","TIGER 27-04회사채(A+이상)액티브","53230","0","0.00","53254.19","53215","53255","53215","11371","605343957","477366640000","0","8968000","KIS 회사채2704만기형 지수 (총수익 지수)","120.29","0.11","0.09"
"0094K0","TIGER 28-04 회사채(A+이상)액티브","99215","75","0.08","99249.37","99225","99255","99190","5482","543965600","299331655000","0","3017000","KIS 회사채 2804만기형 지수(총수익)","110.07","0.08","0.07"
"364980","TIGER 2차전지TOP10","10440","-245","-2.29","10403.66","10570","10640","10385","2442654","25589172113","589338000000","0","56450000","KRX 2차전지 TOP 10 지수","3632.12","-104.83","-2.81"
"412570","TIGER 2차전지TOP10레버리지","1664","-90","-5.13","1656.19","1705","1754","1649","7872446","13256649951","170809600000","0","102650000","KRX 2차전지 TOP 10 지수","3632.15","-104.80","-2.80"
"462010","TIGER 2차전지소재Fn","6815","-235","-3.33","6814.81","6895","7005","6780","4986833","34218850904","819163000000","0","120200000","FnGuide 2차전지소재 (Price Return) 지수","2327.57","-78.12","-3.25"
"305540","TIGER 2차전지테마","20720","-610","-2.86","20745.15","21080","21265","20630","4417538","91972691810","1375808000000","0","66400000","WISE 2차전지 테마 지수","7723.72","-246.64","-3.09"
"471760","TIGER AI반도체핵심공정","15960","-275","-1.69","15954.01","16140","16250","15885","562654","9033844892","140448000000","0","8800000","iSelect AI반도체핵심공정지수","3323.81","-91.13","-2.67"
"365040","TIGER AI코리아그로스액티브","27855","90","0.32","27781.85","27840","28180","27645","19930","556373556","50139000000","0","1800000","코스피","5513.91","-8.36","-0.15"
"364960","TIGER BBIG","7380","-85","-1.14","7368.59","7430","7445","7335","82497","609184065","115128000000","0","15600000","KRX BBIG 지수","2045.32","-22.81","-1.10"
"412560","TIGER BBIG레버리지","2540","-40","-1.55","2538.29","2580","2580","2500","6903","17421765","2032000000","0","800000","KRX BBIG 지수","2044.54","-23.59","-1.14"
"475630","TIGER CD1년금리액티브(합성)","1059280","165","0.02","1059275.02","1059275","1059280","1059275","21152","22405852331","1674403896000","0","1580700","KIS CD 1Y 총수익지수","12148.68","5.57","0.05"
"357870","TIGER CD금리투자KIS(합성)","57110","10","0.02","57109.75","57105","57110","57105","280016","15991066256","4887702240000","0","85584000","KIS CD Index(총수익)","12519.37","6.67","0.05"
"499660","TIGER CD금리플러스액티브(합성)","1001625","80","0.01","1001621.31","1001620","1001625","1001620","10858","10875617132","433503300000","0","432800","KIS CD+CPI연동금리 월분배 지수","12037.75","5.69","0.05"
"400970","TIGER Fn메타버스","8250","-100","-1.20","8249.76","8275","8410","8220","45094","373795057","66825000000","0","8100000","FnGuide 메타버스테마 지수","1751.60","-27.07","-1.52"
"377990","TIGER Fn신재생에너지","22935","-295","-1.27","22896.10","22935","23205","22665","86682","1987534876","82566000000","0","3600000","FnGuide 신재생에너지 지수","4347.00","-64.76","-1.47"
"417630","TIGER KEDI혁신기업ESG30","17355","-25","-0.14","17364.03","17395","17565","17250","15700","274106105","19958250000","0","1150000","KEDI 혁신기업ESG30 지수(시장가격 지수)","4333.24","-21.43","-0.49"
"449170","TIGER KOFR금리액티브(합성)","110220","20","0.02","110217.24","110215","110220","110215","100817","11111834803","2460110400000","0","22320000","KOFR 지수","1180.38","0.08","0.01"
"292160","TIGER KRX300","37400","105","0.28","37483.99","37295","37995","37295","6730","252157355","18700000000","0","500000","KRX 300","3649.01","-9.78","-0.27"
"0072R0","TIGER KRX금현물","15475","-325","-2.06","15435.46","15200","15560","15165","2524833","39022760127","1488695000000","0","96200000","KRX 금현물지수","5408.27","-114.35","-2.07"
"404540","TIGER KRX기후변화솔루션","21235","-280","-1.30","21236.78","21515","21515","21195","245","5221985","7432250000","0","350000","KRX 기후변화 솔루션지수","4041.32","-87.04","-2.11"
"228820","TIGER KTOP30","14925","10","0.07","14887.25","14905","15060","14845","18870","282346684","11940000000","0","800000","KTOP 30","14941.61","-61.03","-0.41"
"300610","TIGER K게임","6895","-160","-2.27","6906.44","7055","7090","6895","67275","466502039","16892750000","0","2450000","WISE K게임 테마 지수","563.31","-14.99","-2.59"
"463250","TIGER K방산&우주","40195","245","0.61","40219.73","39735","41110","39165","1019575","40832719239","669246750000","0","16650000","iSelect K방산&우주","5906.56","13.70","0.23"
"138530","TIGER LG그룹플러스","9650","-140","-1.43","9647.61","9715","9755","9540","219875","2123621670","16598000000","0","1720000","MKF LG그룹+ FW","9747.76","-168.71","-1.70"
"445910","TIGER MKF배당귀족","21605","-95","-0.44","21549.27","21575","21765","21410","23537","507917825","16203750000","0","750000","MKF 배당귀족 지수(시장가격지수)","2199.91","-4.83","-0.22"
"289260","TIGER MSCI KOREA ESG리더스","20715","-80","-0.38","20690.28","20925","21035","20690","2084","43702420","16157700000","0","780000","MSCI Korea Country ESG Leaders Capped Index","2988.29","-37.34","-1.23"
"289250","TIGER MSCI KOREA ESG유니버설","24410","70","0.29","24402.01","24470","24660","24360","2582","63025970","16110600000","0","660000","MSCI Korea ESG Universal Index","3420.67","-2.84","-0.08"
"310970","TIGER MSCI Korea TR","35770","195","0.55","35679.64","35575","36180","35485","30007","1075425715","4117127000000","0","115100000","MSCI Korea TR Index","3594.14","-1.46","-0.04"
"269370","TIGER S&P글로벌인프라(합성)","18695","110","0.59","18727.07","18725","18730","18440","1545","28676350","13086500000","0","700000","S&P Global Infrastructure Index","3922.59","37.47","0.96"
"248270","TIGER S&P글로벌헬스케어(합성)","26255","-185","-0.70","26544.96","26990","26990","26210","10622","279763396","31506000000","0","1200000","S&P Global 1200 Health Care Index","5669.86","49.14","0.87"
"0025N0","TIGER TDF2045","11385","-145","-1.26","11394.22","11475","11475","11370","637623","7263328378","589743000000","0","51800000","S&P 500 and Korea Target Date 2045 (KRW) PR 지수","480.85","-4.40","-0.91"
"453950","TIGER TSMC파운드리밸류체인","27380","-350","-1.26","26991.03","27300","27665","26515","57908","1584601836","34225000000","0","1250000","FactSet TSMC 파운드리 밸류체인 지수(시장가격지수)","616.41","-10.88","-1.73"
"364990","TIGER 게임TOP10","5505","-70","-1.26","5516.73","5545","5655","5505","430854","2397157571","56426250000","0","10250000","KRX 게임 TOP 10 지수","684.26","-9.51","-1.37"
"139280","TIGER 경기방어","14660","-170","-1.15","14614.36","14710","14720","14485","38370","561101590","64797200000","0","4420000","코스피 200 경기방어소비재","1449.21","2.89","0.20"
"237440","TIGER 경기방어채권혼합","10740","70","0.66","10718.34","10685","10745","10685","19559","209999561","10740000000","0","1000000","경기방어소비재 채권혼합 지수","1690.08","2.03","0.12"
"319640","TIGER 골드선물(H)","29850","-660","-2.16","29921.93","29620","30100","29620","34962","1043681763","147757500000","0","4950000","S&P GSCI Gold Index(TR)","2417.71","0.00","0.00"
"160580","TIGER 구리실물","15505","-270","-1.71","15717.06","15340","15610","15235","341367","5287760269","251956250000","0","16250000","S&P GSCI Cash Copper Index","300.47","0.00","0.00"
"451530","TIGER 국고채30년스트립액티브","47950","535","1.13","47830.90","47740","48095","47700","57919","2775499295","110764500000","0","2310000","KIS STRIP 30Y Index(총수익지수)","9051.99","93.64","1.05"
"114820","TIGER 국채3년","105070","60","0.06","105063.80","105080","105120","104975","11546","1212994701","126819490000","0","1207000","KTB INDEX(시장가격)","10299.83","7.11","0.07"
"275980","TIGER 글로벌4차산업혁신기술(합성 H)","21125","-305","-1.42","21218.87","21545","21545","21030","10584","224259630","66332500000","0","3140000","Morningstar Exponential Technologies Equal Weighted Select PR USD","3715.90","1.38","0.04"
"464310","TIGER 글로벌AI&로보틱스 INDXX","15380","-130","-0.84","15543.48","15265","15500","15220","86393","1329610968","131499000000","0","8550000","Indxx Global Robotics & Artificial Intelligence Thematic Index(PR)","6001.51","3.05","0.05"
"418670","TIGER 글로벌AI사이버보안","12060","-225","-1.83","11909.56","12280","12280","11945","23473","282294065","33285600000","0","2760000","Indxx Cybersecurity 지수 (PR)","1908.41","45.78","2.46"
"466950","TIGER 글로벌AI액티브","24450","-525","-2.10","24545.30","24465","24695","24420","91743","2250704090","360882000000","0","14760000","Indxx Artificial Intelligence and Big Data 지수(PR)","7433.47","6.92","0.09"
"491010","TIGER 글로벌AI전력인프라액티브","22460","-260","-1.14","22285.67","22420","22480","22125","306046","6832480346","463799000000","0","20650000","Mirae Asset AI Infrastructure 지수(PR)","4488.66","0.00","0.00"
"412770","TIGER 글로벌AI플랫폼액티브","11525","-330","-2.78","11707.45","11855","11855","11400","29345","338588443","99460750000","0","8630000","Indxx Global Metaverse Index (Price Return)","3906.06","9.98","0.26"
"394670","TIGER 글로벌리튬&2차전지SOLACTIVE(합성)","11400","-265","-2.27","11519.65","11355","11460","11345","129707","1480612108","297312000000","0","26080000","Solactive Global Lithium 지수(PR)","1717.14","-14.80","-0.85"
"440340","TIGER 글로벌멀티에셋TIF액티브","12320","30","0.24","12334.70","12290","12340","12260","5045","62027545","19096000000","0","1550000","INDXX 멀티에셋인컴 지수(시장가격 지수)","1201.82","5.97","0.50"
"476690","TIGER 글로벌비만치료제TOP2Plus","10795","135","1.27","10883.09","10770","10830","10760","39670","427797975","56673750000","0","5250000","Indxx Global Obesity Treatment Top 2 Plus 지수 (시장가격)","2751.35","22.60","0.83"
"480310","TIGER 글로벌온디바이스AI","13215","-385","-2.83","13344.13","13400","13400","13215","27544","365053710","50877750000","0","3850000","Mirae Asset Global On-Device AI 지수 (PR)","4715.52","0.00","0.00"
"387270","TIGER 글로벌이노베이션액티브","21060","-350","-1.63","21189.44","21310","21310","21060","3132","66162430","25272000000","0","1200000","NASDAQ 100","24732.73","45.12","0.18"
"276000","TIGER 글로벌자원생산기업(합성 H)","20055","-365","-1.79","20019.49","20110","20110","19935","5674","113918728","17046750000","0","850000","MorningStar Global Upstream Resources Index(PR)","5462.90","15.64","0.29"
"394660","TIGER 글로벌자율주행&전기차SOLACTIVE","15600","-310","-1.95","15734.91","15785","15785","15580","11561","180803311","114192000000","0","7320000","Solactive Autonomous & Electric Vehicles 지수(PR)","2184.04","2.67","0.12"
"371450","TIGER 글로벌클라우드컴퓨팅INDXX","9905","15","0.15","9955.88","9970","9990","9855","5801","57341490","20206200000","0","2040000","Indxx Global Cloud Computing Index(PR)","5061.21","123.74","2.51"
"464930","TIGER 글로벌혁신블루칩TOP10","19250","-365","-1.86","19372.50","19600","19600","19160","15996","309377653","132825000000","0","6900000","Mirae Asset Global Innovative Bluechip Top 10 Index(PR)","6795.19","0.00","0.00"
"139320","TIGER 금은선물(H)","21300","-595","-2.72","21169.60","21145","21445","21010","87850","1868304372","77745000000","0","3650000","S&P GSCI Precious Metals Index(TR)","5565.21","0.00","0.00"
"137610","TIGER 농산물선물Enhanced(H)","5135","35","0.69","5132.16","5130","5155","5070","31668","162407571","12324000000","0","2400000","S&P GSCI Agriculture Enhanced Index(ER)","68.91","-0.12","-0.18"
"182490","TIGER 단기선진하이일드(합성 H)","13765","-15","-0.11","13797.86","13810","13810","13765","4832","66686315","8259000000","0","600000","Markit iBoxx USD Liquid High Yield 0-5 year 지수","80.63","-0.01","-0.01"
"272580","TIGER 단기채권액티브","56280","25","0.04","56282.77","56270","56285","56270","25558","1438328765","742108080000","0","13186000","KIS MSB 6M PLUS 지수","13527.15","7.34","0.05"
"157450","TIGER 단기통안채","111115","20","0.02","111111.16","111065","111115","111065","124977","13886257411","990034650000","0","8910000","KIS MSB 6M(총수익)","13377.27","5.61","0.04"
"105010","TIGER 라틴35","6850","-140","-2.00","6803.92","6900","6900","6790","12871","87933059","10275000000","0","1500000","BNY Latin America 35 ADR","3288.21","-23.86","-0.72"
"123320","TIGER 레버리지","83790","-130","-0.15","83528.77","83600","86290","82665","360531","30438025402","326781000000","0","3900000","코스피 200","814.59","-1.69","-0.21"
"174350","TIGER 로우볼","21970","-210","-0.95","22072.07","22180","22340","21800","1411","31175855","6151600000","0","280000","FnGuide Low Vol 지수","22792.15","326.63","1.45"
"329200","TIGER 리츠부동산인프라","4600","10","0.22","4600.59","4585","4610","4575","4826669","22202395387","1266840000000","0","275400000","FnGuide 리츠부동산인프라","1857.54","3.26","0.18"
"0086C0","TIGER 리츠부동산인프라10채권혼합액티브","10400","45","0.43","10397.38","10355","10410","10350","24990","259654003","15600000000","0","1500000","KEDI 리츠부동산인프라TOP10채권혼합지수 (Price Return)","996.22","2.00","0.20"
"0086B0","TIGER 리츠부동산인프라TOP10액티브","10870","100","0.93","10853.18","10770","10875","10755","86895","941729655","92395000000","0","8500000","KEDI 리츠부동산인프라TOP10지수 (Price Return)","851.15","3.03","0.36"
"341850","TIGER 리츠부동산인프라채권","4965","-5","-0.10","4988.74","4980","4995","4955","15062","75143497","9930000000","0","2000000","KIS 리츠부동산인프라채권PR 지수","41845.91","77.51","0.19"
"0043B0","TIGER 머니마켓액티브","101695","20","0.02","101694.16","101690","101695","101690","130453","13266182558","3247934910000","0","31938000","KIS-미래에셋 MMF지수","118.04","0.05","0.04"
"147970","TIGER 모멘텀","65970","-10","-0.02","65803.40","65220","66700","65220","7634","503797205","30346200000","0","460000","FnGuide 모멘텀 지수","67566.85","-488.49","-0.72"
"458250","TIGER 미국30년국채스트립액티브(합성 H)","38800","665","1.74","39016.03","38845","38995","38750","226753","8802466931","708177600000","0","18252000","ICE BofA Long US Treasury Principal STRIPS Index","425.73","2.67","0.63"
"476550","TIGER 미국30년국채커버드콜액티브(H)","7680","50","0.66","7699.59","7695","7700","7675","1475164","11335751929","1186560000000","0","154500000","KEDI 미국채30년 위클리 커버드콜30 지수(Total Return)","1021.57","0.00","0.00"
"0142D0","TIGER 미국AI데이터센터TOP4Plus","9280","-175","-1.85","9300.73","9380","9380","9200","422810","3916743192","68672000000","0","7400000","Akros U.S. AI Data Center TOP4 Plus 지수(PR)","10746.55","0.00","0.00"
"491830","TIGER 미국AI반도체팹리스","14070","-415","-2.87","14145.81","14190","14195","14065","15284","215822885","23919000000","0","1700000","Mirae Asset US AI Fabless 지수(PR)","12792.21","0.00","0.00"
"490090","TIGER 미국AI빅테크10","14295","-400","-2.72","14373.76","14345","14440","14280","692114","9915370168","210136500000","0","14700000","KEDI 미국AI빅테크10 지수(PR)","10464.92","0.00","0.00"
"493810","TIGER 미국AI빅테크10타겟데일리커버드콜","11225","-320","-2.77","11280.24","11210","11285","11205","510831","5747152182","271645000000","0","24200000","KEDI 미국AI빅테크10+15%데일리프리미엄 지수(TR)","9817.85","0.00","0.00"
"0102A0","TIGER 미국AI소프트웨어TOP4Plus","7260","-365","-4.79","7299.28","7300","7310","7220","336147","2441327907","89661000000","0","12350000","Akros U.S. AI Software TOP4 Plus 지수 (Price Return)","7078.03","0.00","0.00"
"0123G0","TIGER 미국AI전력SMR","7365","-265","-3.47","7300.84","7365","7380","7310","964578","7086602437","197750250000","0","26850000","Akros U.S. AI Electricity SMR Index 지수(PR)","7472.78","0.00","0.00"
"182480","TIGER 미국MSCI리츠(합성 H)","13140","-10","-0.08","13270.05","13150","13165","13135","20719","272236443","164250000000","0","12500000","MSCI US REIT Index","1414.97","18.32","1.31"
"360750","TIGER 미국S&P500","24435","-465","-1.87","24496.53","24475","24600","24410","14354479","351133208870","14310357750000","0","585650000","S&P 500","6836.17","3.41","0.05"
"448290","TIGER 미국S&P500(H)","15965","-335","-2.06","15995.49","15995","16040","15960","190719","3051178999","453406000000","0","28400000","S&P 500","6836.17","3.41","0.05"
"488500","TIGER 미국S&P500동일가중","12190","-220","-1.77","12243.48","12220","12245","12110","187576","2289431790","124947500000","0","10250000","S&P 500 Equal Weight Index(PR)","8212.05","84.77","1.04"
"225040","TIGER 미국S&P500레버리지(합성 H)","55090","-2395","-4.17","55387.18","55550","55680","55090","16532","916044702","63904400000","0","1160000","S&P 500","6836.17","3.41","0.05"
"429000","TIGER 미국S&P500배당귀족","13930","-115","-0.82","13884.20","13860","14045","13810","161909","2252661255","141389500000","0","10150000","S&P 500 Dividend Aristocrats 지수 (Price Return)","2023.37","11.06","0.55"
"143850","TIGER 미국S&P500선물(H)","69985","-1530","-2.14","70039.64","70280","70335","69985","8652","606748772","99728625000","0","1425000","S&P 500 Futures Index(ER)","552.91","-1.06","-0.19"
"225030","TIGER 미국S&P500선물인버스(H)","2515","45","1.82","2512.99","2500","2520","2500","26717","67056061","5407250000","0","2150000","S&P 500 Futures Total Return Index","1029.68","-1.63","-0.16"
"482730","TIGER 미국S&P500타겟데일리커버드콜","11625","-180","-1.52","11619.95","11605","11655","11580","724616","8420258816","501037500000","0","43100000","S&P500 10% Daily Premium Covered Call Index(TR)","346.43","0.23","0.07"
"133690","TIGER 미국나스닥100","157705","-3495","-2.17","158119.07","158795","158795","157485","880879","139123009421","7680233500000","0","48700000","NASDAQ 100","24732.73","45.12","0.18"
"448300","TIGER 미국나스닥100(H)","19360","-505","-2.54","19417.38","19445","19485","19360","220814","4287781874","298144000000","0","15400000","NASDAQ 100","24732.73","45.12","0.18"
"483240","TIGER 미국나스닥100ETF선물","12070","-250","-2.03","12056.77","12320","12320","11995","6123","73951682","24140000000","0","2000000","KRX 나스닥 100 ETF 선물지수","1920.75","-38.51","-1.97"
"418660","TIGER 미국나스닥100레버리지(합성)","32075","-1445","-4.31","32345.89","32265","32400","32035","407246","13111661815","269430000000","0","8400000","NASDAQ 100","24732.73","45.12","0.18"
"435420","TIGER 미국나스닥100채권혼합Fn","13360","-95","-0.71","13389.45","13375","13455","13360","157350","2104323880","300600000000","0","22500000","FnGuide 나스닥100 채권혼합 지수(총수익 지수)","1942.97","-11.29","-0.58"
"441680","TIGER 미국나스닥100커버드콜(합성)","10840","-200","-1.81","10885.26","10865","11000","10830","262843","2853648672","358262000000","0","33050000","Cboe Nasdaq-100 BuyWrite V2 지수 (Total Return)","1214.38","3.17","0.26"
"486290","TIGER 미국나스닥100타겟데일리커버드콜","10110","-215","-2.08","10150.18","10140","10165","10105","2074379","21017164911","1101990000000","0","109000000","NASDAQ 100 Daily Covered Call Target Premium 15% 지수(TR)","395.20","0.78","0.20"
"429010","TIGER 미국나스닥넥스트100","17135","-435","-2.48","17187.11","17190","17225","17045","1551","26569417","8567500000","0","500000","Nasdaq Next Generation 100 지수 (Price Return)","1541.87","15.49","1.01"
"203780","TIGER 미국나스닥바이오","30580","-345","-1.12","30773.18","30800","30800","30555","25046","766940333","102137200000","0","3340000","NASDAQ Biotechnology 지수(시장가격지수)","5917.24","56.57","0.97"
"245340","TIGER 미국다우존스30","34745","-570","-1.61","34831.69","34770","34840","34700","34680","1205678580","139674900000","0","4020000","Dow Jones Industrial Average","49500.93","48.95","0.10"
"456610","TIGER 미국달러SOFR금리액티브(합성)","61435","160","0.26","61476.19","61285","61490","61255","15909","976316705","568888100000","0","9260000","Solactive SOFR Daily Total Return Index","1231.96","0.12","0.01"
"329750","TIGER 미국달러단기채권액티브","13420","40","0.30","13419.35","13390","13420","13355","295684","3958367815","481107000000","0","35850000","KIS U.S. TREASURY BOND 0-1Y 지수(총수익)","154.30","0.00","0.00"
"261110","TIGER 미국달러선물레버리지","17180","65","0.38","17243.18","17140","17195","17100","2222","38071260","12026000000","0","700000","미국달러선물지수","1611.88","4.47","0.28"
"261120","TIGER 미국달러선물인버스2X","4945","-20","-0.40","4938.71","4980","4980","4940","3307","16380017","34120500000","0","6900000","미국달러선물지수","1611.88","4.47","0.28"
"494840","TIGER 미국방산TOP10","14615","140","0.97","14719.15","14435","14700","14420","78983","1153747768","61383000000","0","4200000","Mirae Asset US Defense Top 10 Index(PR)","2241.68","0.00","0.00"
"458730","TIGER 미국배당다우존스","14455","-155","-1.06","14404.37","14480","14515","14425","2392382","34597610347","2849803250000","0","197150000","Dow Jones U.S. Dividend 100 Price Return Index","6682.98","52.78","0.80"
"0008S0","TIGER 미국배당다우존스타겟데일리커버드콜","10050","-90","-0.89","10028.41","10080","10095","10030","239134","2405868706","182407500000","0","18150000","Dow Jones U.S. Dividend 100 10% Daily Premium Covered Call 지수","289.80","2.47","0.86"
"458750","TIGER 미국배당다우존스타겟커버드콜1호","12755","-80","-0.62","12749.40","12815","12815","12635","21012","267940266","62499500000","0","4900000","DowJones U.S. Dividend 100 3% Premium Covered Call 지수 (TR)","764.29","6.62","0.87"
"458760","TIGER 미국배당다우존스타겟커버드콜2호","11100","-100","-0.89","11099.15","11155","11155","11070","389109","4318574187","796980000000","0","71800000","DowJones U.S. Dividend 100 7% Premium Covered Call 지수 (TR)","624.72","5.54","0.89"
"0015K0","TIGER 미국소비트렌드액티브","7385","-225","-2.96","7406.06","7405","7410","7335","6838","50416087","4652550000","0","630000","Mirae Asset US Consumer Trend 지수 (PR)","1855.88","0.00","0.00"
"305080","TIGER 미국채10년선물","13230","90","0.68","13235.55","13185","13230","13175","105315","1390961094","230202000000","0","17400000","S&P 10-Year U.S. Treasury Note Futures(ER)","191.54","0.63","0.33"
"0046A0","TIGER 미국초단기(3개월이하)국채","10010","20","0.20","10022.53","9990","10020","9975","1218344","12181719434","403903500000","0","40350000","ICE 0-3 Month US Treasury Securities 지수","119.07","0.04","0.04"
"465670","TIGER 미국캐시카우100","14635","-355","-2.37","14691.50","14645","15010","14600","7490","109646357","13171500000","0","900000","Global X U.S. Cash Flow Kings 100 Index(PR)","2767.42","0.00","0.00"
"381170","TIGER 미국테크TOP10 INDXX","28430","-835","-2.85","28599.75","28535","28600","28400","2970544","84688713386","3793983500000","0","133450000","Indxx US Tech Top 10 Index","8402.72","-109.30","-1.28"
"472160","TIGER 미국테크TOP10 INDXX(H)","16765","-555","-3.20","16855.40","16810","16910","16760","1484504","25001384899","288358000000","0","17200000","Indxx US Tech Top 10 Index","8402.72","-109.30","-1.28"
"472170","TIGER 미국테크TOP10채권혼합","13370","-185","-1.36","13427.25","13420","13510","13365","244252","3271225128","338929500000","0","25350000","FnGuide 미국테크TOP10 채권혼합지수","2643.75","-24.71","-0.93"
"474220","TIGER 미국테크TOP10타겟커버드콜","14620","-430","-2.86","14707.78","14705","14705","14605","398520","5841522084","495618000000","0","33900000","Bloomberg U.S. Tech Top10+10% Premium Covered Call Index","7993.58","-101.70","-1.26"
"458260","TIGER 미국투자등급회사채액티브(H)","49010","190","0.39","48998.24","49030","49070","48975","27325","1339544027","294060000000","0","6000000","iBoxx USD Liquid Investment Grade Index(Price Return)","99.24","0.18","0.18"
"497570","TIGER 미국필라델피아AI반도체나스닥","16905","-310","-1.80","16783.13","16885","17005","16865","1390928","23566527880","946680000000","0","56000000","PHLX US AI Semiconductor 지수 (PR)","1806.72","3.71","0.21"
"381180","TIGER 미국필라델피아반도체나스닥","30715","-720","-2.29","30605.19","30725","30940","30690","2189282","67434749575","3725729500000","0","121300000","PHLX Semiconductor Sector Index","8137.86","53.16","0.66"
"423920","TIGER 미국필라델피아반도체레버리지(합성)","51165","-2255","-4.22","50864.57","51735","52080","50965","119570","6165853820","404203500000","0","7900000","PHLX Semiconductor Sector Index","8137.86","53.16","0.66"
"228810","TIGER 미디어컨텐츠","6075","-155","-2.49","6078.99","6220","6270","6055","585552","3591319363","142519500000","0","23460000","WISE 미디어컨텐츠 지수","3097.53","-94.86","-2.97"
"364970","TIGER 바이오TOP10","9030","-60","-0.66","9024.75","9075","9115","8952","900602","8132783433","325983000000","0","36100000","KRX 바이오 TOP 10 지수","2750.75","-28.93","-1.04"
"091230","TIGER 반도체","92940","-775","-0.83","92767.56","93000","94045","92240","507438","47263152200","745378800000","0","8020000","KRX 반도체","9245.95","-141.32","-1.51"
"396500","TIGER 반도체TOP10","29320","-130","-0.44","29264.87","29295","29680","29070","15902640","467589347831","5953426000000","0","203050000","FnGuide 반도체TOP10 지수","7557.01","-143.35","-1.86"
"488080","TIGER 반도체TOP10레버리지","35440","-560","-1.56","35307.08","35320","36290","34810","4309746","153684998879","790312000000","0","22300000","FnGuide 반도체TOP10 지수","7557.49","-142.87","-1.86"
"211560","TIGER 배당성장","36565","655","1.82","36471.82","36165","37060","35955","59552","2174368123","85562100000","0","2340000","코스피 배당성장 50","7299.80","95.90","1.33"
"472150","TIGER 배당커버드콜액티브","17400","125","0.72","17348.96","17290","17575","17260","1994560","34757731811","442482000000","0","25430000","코스피 200 커버드콜 5% OTM","537.12","-1.55","-0.29"
"138520","TIGER 삼성그룹","24835","-25","-0.10","24768.45","24860","25155","24710","116963","2917063959","73014900000","0","2940000","MKF SAMs FW","28814.01","-417.80","-1.43"
"157490","TIGER 소프트웨어","9795","-165","-1.66","9829.34","9910","10015","9785","270984","2668519685","132232500000","0","13500000","FnGuide 소프트웨어 지수","5092.00","-95.21","-1.84"
"0000D0","TIGER 엔비디아미국채커버드콜밸런스(합성)","9910","25","0.25","9948.27","9875","9945","9875","49458","490223315","60946500000","0","6150000","KEDI 엔비디아미국채30년타겟커버드콜혼합지수(TR)","1090.02","0.00","0.00"
"228800","TIGER 여행레저","3750","-10","-0.27","3752.17","3735","3785","3705","658954","2466819229","103050000000","0","27480000","WISE 여행레저 지수","1861.79","-6.90","-0.37"
"227570","TIGER 우량가치","19970","70","0.35","20003.19","19885","20210","19687","8023","160710918","7788300000","0","390000","FnGuide 퀄리티밸류 지수","40415.92","239.79","0.60"
"438330","TIGER 우량회사채액티브","115470","105","0.09","115579.07","115535","115575","115455","15001","1733031491","703558710000","0","6093000","KIS 투자등급회사채 지수(총수익)","135.38","0.11","0.08"
"261140","TIGER 우선주","23305","630","2.78","23321.17","22780","23575","22780","213001","4973248538","33093100000","0","1420000","코스피 우선주 지수","5525.32","148.50","2.76"
"130680","TIGER 원유선물Enhanced(H)","4170","-120","-2.80","4169.59","4160","4185","4155","64391","268192009","17931000000","0","4300000","S&P GSCI Crude Oil Enhanced Index ER","505.67","0.00","0.00"
"217770","TIGER 원유선물인버스(H)","2490","65","2.68","2494.20","2480","2500","2475","57772","143636549","6723000000","0","2700000","S&P GSCI Crude Oil Index ER","140.73","-0.02","-0.02"
"195930","TIGER 유로스탁스50(합성 H)","21855","-180","-0.82","21879.33","21945","21945","21805","4187","91640842","37153500000","0","1700000","EURO STOXX 50 Index","5985.23","-26.06","-0.43"
"225050","TIGER 유로스탁스레버리지(합성 H)","15155","-230","-1.49","15174.16","15295","15295","15015","1080","16307535","4546500000","0","300000","EURO STOXX 50 Index","5985.23","-26.06","-0.43"
"245350","TIGER 유로스탁스배당30","19100","-205","-1.06","19036.79","19175","19245","19015","13004","248117203","29605000000","0","1550000","Euro STOXX Select Dividend 30","2231.02","-23.22","-1.03"
"091220","TIGER 은행","17695","-435","-2.40","17642.25","17980","18250","17575","419649","7489302131","23357400000","0","1320000","KRX 은행","1752.67","-22.99","-1.29"
"466940","TIGER 은행고배당플러스TOP10","28660","35","0.12","28563.03","28885","29480","28365","3710955","107187979819","921419000000","0","32150000","FnGuide 은행고배당플러스TOP10 지수(시장가격 지수)","2652.52","-7.33","-0.28"
"307510","TIGER 의료기기","20270","-220","-1.07","20314.89","20490","20490","20125","3470","70634600","7094500000","0","350000","FnGuide 의료기기 지수","2104.32","-30.77","-1.44"
"225060","TIGER 이머징마켓MSCI레버리지(합성 H)","14605","170","1.18","14600.56","14550","14790","14545","917","13505840","15481300000","0","1060000","MSCI EM Index","1555.12","-15.32","-0.98"
"453870","TIGER 인도니프티50","13495","-180","-1.32","13635.13","13670","13670","13480","168418","2283916258","414971250000","0","30750000","Nifty 50 Index","25471.10","-336.10","-1.30"
"236350","TIGER 인도니프티50레버리지(합성)","39575","-1020","-2.51","39982.09","40490","40490","39505","1240","49536496","26119500000","0","660000","Nifty 50 Index","25471.10","-336.10","-1.30"
"479730","TIGER 인도빌리언컨슈머","11085","-30","-0.27","11126.63","11110","11210","11005","18151","201736523","121935000000","0","11000000","Mirae Asset India Billion Consumer 지수(PR)","4565.36","0.00","0.00"
"123310","TIGER 인버스","1989","-3","-0.15","1993.37","1994","2005","1960","7221882","14314814202","49923900000","0","25100000","코스피 200 선물지수","4011.56","-9.11","-0.23"
"365000","TIGER 인터넷TOP10","4825","-20","-0.41","4814.55","4815","4865","4760","607921","2920142589","68756250000","0","14250000","KRX 인터넷 TOP 10 지수","1204.52","-5.47","-0.45"
"195920","TIGER 일본TOPIX(합성 H)","32805","-325","-0.98","32790.38","34120","34120","32475","1704","55817982","16402500000","0","500000","TOPIX","3818.85","-63.31","-1.63"
"241180","TIGER 일본니케이225","32490","-45","-0.14","32155.44","32440","32750","32080","215265","6971655070","434066400000","0","13360000","Nikkei 225","56941.97","-697.87","-1.21"
"465660","TIGER 일본반도체FACTSET","22205","130","0.59","21912.41","22395","22395","21745","39281","864534567","19984500000","0","900000","FactSet Japan Semiconductor Index(PR)","6559.65","-65.08","-0.98"
"292560","TIGER 일본엔선물","8715","5","0.06","8734.81","8690","8785","8690","197938","1731166583","62748000000","0","7200000","엔선물지수","487.12","0.83","0.17"
"494670","TIGER 조선TOP10","28155","-40","-0.14","28092.03","28000","28450","27725","979877","27558173400","975570750000","0","34650000","iSelect 조선TOP10 Index(PR)","4354.60","-26.79","-0.61"
"451540","TIGER 종합채권(AA-이상)액티브","54515","90","0.17","54521.49","54490","54560","54470","13279","723915195","989120160000","0","18144000","KIS 종합채권 AA-이상 총수익 지수(Total return Index)","118.14","0.35","0.30"
"150460","TIGER 중국소비테마","8270","-60","-0.72","8275.11","8345","8345","8195","38238","316407611","78399600000","0","9480000","FnGuide 중국내수테마 지수","4249.75","-44.19","-1.03"
"302190","TIGER 중장기국채","50945","75","0.15","50936.64","50960","51000","50905","14906","759554585","306688900000","0","6020000","KIS 국채 3-10년 지수(시장가격지수)","10301.97","18.77","0.18"
"157500","TIGER 증권","18400","1485","8.78","18341.66","17500","18945","17175","7252036","131502306443","309856000000","0","16840000","FnGuide 증권 지수","9095.10","722.61","8.63"
"307520","TIGER 지주회사","20345","-180","-0.88","20311.61","20330","20695","20140","1016839","20736857257","332640750000","0","16350000","FnGuide 지주회사 지수","3009.14","-19.47","-0.64"
"0067Y0","TIGER 차이나AI소프트웨어","13620","-225","-1.63","13725.02","13845","13845","13555","28450","387245478","23835000000","0","1750000","Mirae Asset China AI Software 지수 (Price Return, HKD)","1107.66","0.00","0.00"
"192090","TIGER 차이나CSI300","12705","-185","-1.44","12804.99","12885","12885","12700","87004","1112811117","164529750000","0","12950000","CSI 300 Index","4660.41","-59.17","-1.25"
"204480","TIGER 차이나CSI300레버리지(합성)","27880","-315","-1.12","28107.02","27890","28200","27730","9446","263311253","112635200000","0","4040000","CSI 300 Index","4660.41","-59.17","-1.25"
"217780","TIGER 차이나CSI300인버스(합성)","5415","45","0.84","5528.60","5415","5465","5345","523","2845675","8393250000","0","1550000","CSI 300 Index","4660.41","-59.17","-1.25"
"245360","TIGER 차이나HSCEI","13715","-195","-1.40","13753.35","13830","13865","13610","9269","126808362","42516500000","0","3100000","Hang Seng China H","9015.47","-159.71","-1.74"
"414780","TIGER 차이나과창판STAR50(합성)","12695","80","0.63","12708.45","12615","12795","12600","244517","3102829325","204389500000","0","16100000","STAR 50 Index(Price Return)","1470.33","-10.67","-0.72"
"0067V0","TIGER 차이나글로벌리더스TOP3+","11365","20","0.18","11617.13","11345","11535","11235","5106","57942400","61371000000","0","5400000","Solactive-KEDI 차이나글로벌리더스TOP3플러스 지수 (Price Return, CNH)","2482.84","-10.44","-0.42"
"371470","TIGER 차이나바이오테크SOLACTIVE","8685","-175","-1.98","8779.45","8835","8885","8655","64823","563690519","65311200000","0","7520000","Solactive China Biotech Index(PR)","1766.01","-19.62","-1.10"
"396520","TIGER 차이나반도체FACTSET","11160","15","0.13","11173.27","11005","11310","11005","132149","1479963786","235252800000","0","21080000","FactSet China Semiconductor 지수(PR)","254.34","-0.04","-0.02"
"371460","TIGER 차이나전기차SOLACTIVE","12500","-90","-0.71","12598.26","12585","12590","12435","794751","9947026483","1408500000000","0","112680000","Solactive China Electric Vehicle and Battery Index(PR)","2491.06","-23.29","-0.93"
"456680","TIGER 차이나전기차레버리지(합성)","9630","-165","-1.68","9814.43","9930","9930","9620","24588","238542015","62017200000","0","6440000","Solactive China Electric Vehicle and Battery Index(PR)","2491.06","-23.29","-0.93"
"0133E0","TIGER 차이나증권","9705","-60","-0.61","9722.47","9765","9890","9600","81657","790171111","18924750000","0","1950000","Solactive China Securities Index (Price Return)","2554.46","-21.59","-0.84"
"396510","TIGER 차이나클린에너지SOLACTIVE","8735","-120","-1.36","8836.86","8855","8855","8735","3552","31196273","20614600000","0","2360000","Solactive China Clean Energy 지수(PR)","2175.63","-43.41","-1.96"
"0047A0","TIGER 차이나테크TOP10","11650","-100","-0.85","11795.20","11750","11770","11535","427155","4962096135","256882500000","0","22050000","Mirae Asset China Tech Top 10 지수 (Price Return)","3798.56","0.00","0.00"
"117690","TIGER 차이나항셍30","22145","-340","-1.51","22262.40","22760","22760","22035","4970","109960044","12179750000","0","550000","Hang Seng China (Hong Kong-listed) 30 Index","9567.21","-136.76","-1.41"
"371160","TIGER 차이나항셍테크","8475","-125","-1.45","8550.52","8535","8565","8430","1376048","11647991655","962336250000","0","113550000","Hang Seng TECH Index","5360.42","-48.56","-0.90"
"438320","TIGER 차이나항셍테크레버리지(합성 H)","7710","-225","-2.84","7810.53","7780","7905","7580","71827","550709005","30685800000","0","3980000","Hang Seng TECH Index","5360.42","-48.56","-0.90"
"0053L0","TIGER 차이나휴머노이드로봇","13650","150","1.11","13712.97","13495","13675","13335","852027","11527387329","455227500000","0","33350000","Mirae Asset China Humanoid Robot 지수(PR)","3241.87","0.00","0.00"
"0117V0","TIGER 코리아AI전력기기TOP3플러스","15900","-150","-0.93","15849.10","15760","16100","15670","1797031","28561787571","390345000000","0","24550000","KEDI 코리아AI전력기기TOP3플러스 지수","23223.22","-333.01","-1.41"
"292150","TIGER 코리아TOP10","29455","100","0.34","29363.75","29355","29820","29225","4302710","127138489371","2042704250000","0","69350000","FnGuide TOP10 지수","10382.91","-20.62","-0.20"
"0052D0","TIGER 코리아배당다우존스","16705","45","0.27","16673.70","16705","16910","16480","504266","8430880898","520360750000","0","31150000","Dow Jones Korea Dividend 30 지수 (Price Return)","2252.01","-6.91","-0.31"
"0104P0","TIGER 코리아배당다우존스위클리커버드콜","12535","45","0.36","12514.59","12610","12690","12355","39422","494473917","40112000000","0","3200000","KRX 다우존스 코리아 배당 30 타겟 7% 위클리 커버드콜 지수","2960.85","-9.15","-0.31"
"496080","TIGER 코리아밸류업","24290","90","0.37","24216.78","24180","24575","24065","1957730","47680848887","297552500000","0","12250000","코리아 밸류업 지수","2458.82","-5.29","-0.21"
"0091P0","TIGER 코리아원자력","16240","-60","-0.37","16222.95","16120","16625","15860","3498577","57246848278","367024000000","0","22600000","iSelect 코리아 원자력 지수 (Price Return)","3534.40","-25.76","-0.72"
"471780","TIGER 코리아테크액티브","22205","-180","-0.80","22188.48","22310","22605","22165","121723","2725772785","44632050000","0","2010000","KRX 정보기술","3485.11","-48.19","-1.36"
"0148J0","TIGER 코리아휴머노이드로봇산업","13535","-335","-2.42","13517.49","13585","13645","13345","3031239","40908443387","682840750000","0","50450000","KEDI 코리아 휴머노이드로봇산업 지수 (PR)","8864.89","-240.07","-2.64"
"232080","TIGER 코스닥150","19330","-380","-1.93","19358.62","19500","19610","19240","5810198","112554675460","1976299200000","0","102240000","코스닥 150","1902.19","-44.31","-2.28"
"233160","TIGER 코스닥150 레버리지","18490","-760","-3.95","18550.74","18785","19060","18310","1430483","26565131898","253313000000","0","13700000","코스닥 150","1901.96","-44.54","-2.29"
"261060","TIGER 코스닥150IT","22875","-430","-1.85","22825.91","23000","23100","22685","129635","2963356730","39345000000","0","1720000","코스닥 150 정보기술","1169.57","-36.04","-2.99"
"261070","TIGER 코스닥150바이오테크","19380","-195","-1.00","19342.47","19370","19470","19150","197368","3808888530","96512400000","0","4980000","코스닥 150 헬스케어","6716.21","-84.20","-1.24"
"250780","TIGER 코스닥150선물인버스","2325","40","1.75","2323.90","2315","2340","2295","596354","1386225001","12787500000","0","5500000","F-코스닥150 지수","2205.74","-42.48","-1.89"
"461580","TIGER 코스닥글로벌","18125","-285","-1.55","18091.14","18505","18505","18005","587058","10683594552","22656250000","0","1250000","코스닥 글로벌 지수","2289.43","-81.55","-3.44"
"277630","TIGER 코스피","57355","45","0.08","57331.50","57310","58095","57025","89960","5176292332","387146250000","0","6750000","코스피","5507.03","-15.24","-0.28"
"210780","TIGER 코스피고배당","26370","570","2.21","26319.04","26085","26645","25880","85079","2237232041","84647700000","0","3210000","코스피 고배당 50","5251.33","91.78","1.78"
"277640","TIGER 코스피대형주","29235","135","0.46","29165.56","29100","29575","29010","65526","1919072549","42390750000","0","1450000","코스피 대형주","5823.53","-8.57","-0.15"
"277650","TIGER 코스피중형주","22845","-325","-1.40","22899.41","22890","23105","22735","3615","82678755","4569000000","0","200000","코스피 중형주","4461.39","-10.60","-0.24"
"376410","TIGER 탄소효율그린뉴딜","19205","20","0.10","19213.34","19255","19470","19110","7210","139119090","19205000000","0","1000000","KRX/S&P 탄소효율 그린뉴딜지수","3242.09","-10.96","-0.34"
"447770","TIGER 테슬라채권혼합Fn","14665","-195","-1.31","14747.51","14660","14755","14635","693193","10187205668","662858000000","0","45200000","FnGuide 테슬라채권혼합 지수","3763.77","-20.78","-0.55"
"0060H0","TIGER 토탈월드스탁액티브","12140","-175","-1.42","12161.32","12285","12285","12130","136782","1664025657","364200000000","0","30000000","FTSE Global All Cap Index(PR)","1157.16","-2.57","-0.22"
"387280","TIGER 퓨처모빌리티액티브","11560","-210","-1.78","11567.79","11775","11880","11525","15127","175613957","19074000000","0","1650000","FnGuide 퓨처모빌리티 지수","2960.36","-69.88","-2.31"
"449690","TIGER 한중반도체(합성)","35235","450","1.29","35042.14","34850","35350","34850","735","25905072","26426250000","0","750000","KRX CSI 한·중 반도체지수","8555.01","-58.51","-0.68"
"449680","TIGER 한중전기차(합성)","12875","-75","-0.58","12830.95","12930","12930","12875","311","4019565","10943750000","0","850000","KRX CSI 한·중 전기차지수","5529.05","-104.23","-1.85"
"143860","TIGER 헬스케어","52055","-620","-1.18","52115.18","52470","52470","51670","58256","3034841338","224877600000","0","4320000","KRX 헬스케어","5296.44","-53.67","-1.00"
"138540","TIGER 현대차그룹플러스","58200","-600","-1.02","58079.96","58380","58890","57900","574182","33527979740","544752000000","0","9360000","MKF 현대차그룹+ FW","67320.89","-1249.47","-1.82"
"228790","TIGER 화장품","3760","-25","-0.66","3768.55","3750","3810","3725","3803386","14357584294","364569600000","0","96960000","WISE 화장품 지수","3801.44","-33.95","-0.89"
"441800","TIME Korea플러스배당액티브","27785","680","2.51","27707.85","27325","28300","27220","1300793","36172268542","494573000000","0","17800000","코스피 200","814.59","-1.69","-0.21"
"463050","TIME K바이오액티브","18900","-325","-1.69","18969.86","18950","19120","18815","510504","9658098415","459270000000","0","24300000","KRX 헬스케어","5296.07","-54.04","-1.01"
"404120","TIME K신재생에너지액티브","22965","-355","-1.52","23042.54","23130","23335","22900","3155","72856815","13779000000","0","600000","KRX 기후변화 솔루션지수","4040.17","-88.19","-2.14"
"385710","TIME K이노베이션액티브","12880","20","0.16","12850.96","12860","12935","12630","15308","195884042","11592000000","0","900000","KRX BBIG 지수","2044.54","-23.59","-1.14"
"410870","TIME K컬처액티브","12420","-110","-0.88","12436.47","12515","12560","12395","35405","441690612","53406000000","0","4300000","FnGuide K-컬처 지수","769.85","-13.77","-1.76"
"456600","TIME 글로벌AI인공지능액티브","39845","-565","-1.40","40034.95","40000","40150","39785","422151","16880677112","1184193400000","0","29720000","Solactive Global Artificial Intelligence 지수","429.95","1.87","0.44"
"485810","TIME 글로벌바이오액티브","10420","-125","-1.19","10452.89","10575","10575","10390","12160","126755355","13546000000","0","1300000","KEDI 글로벌 불로장생바이오 지수(원화환산)","1636.36","0.00","0.00"
"494180","TIME 글로벌소비트렌드액티브","13710","-230","-1.65","13784.92","13940","13940","13655","2043","28040795","15081000000","0","1100000","Solactive 뉴에이지컨수머지수","1386.47","-2.41","-0.17"
"478150","TIME 글로벌우주테크&방산액티브","21645","-220","-1.01","21759.54","21770","21780","21605","192263","4172722347","395021250000","0","18250000","Solactive Aerospace and Defense USD Index PR","3374.74","52.44","1.58"
"0113D0","TIME 글로벌탑픽액티브","11000","-125","-1.12","10994.00","10900","11100","10900","208912","2297466216","82500000000","0","7500000","Bloomberg World Large, Mid & Small cap PR Index","2364.97","-5.20","-0.22"
"426020","TIME 미국S&P500액티브","28485","-405","-1.40","28478.68","28630","28630","28410","151439","4319476222","180025200000","0","6320000","S&P 500","6836.17","3.41","0.05"
"426030","TIME 미국나스닥100액티브","36525","-655","-1.76","36663.87","36735","36800","36310","467910","17140439592","1046076000000","0","28640000","NASDAQ 100","24732.73","45.12","0.18"
"0019K0","TIME 미국나스닥100채권혼합50액티브","11705","-90","-0.76","11737.63","11700","11750","11630","250598","2937604135","152750250000","0","13050000","FnGuide 미국나스닥100 단기채권혼합 지수","2096.41","-18.07","-0.85"
"0036D0","TIME 미국배당다우존스액티브","10830","-180","-1.63","10833.78","10980","10980","10620","28916","313412905","23826000000","0","2200000","Dow Jones U.S. Dividend 100 Price Return Index","6682.98","52.78","0.80"
"0043Y0","TIME 차이나AI테크액티브","15550","-80","-0.51","15678.91","15485","15645","15425","133506","2071475780","192042500000","0","12350000","Solactive China Artificial Intelligence 지수(원화환산)(PR)","2684.29","-8.06","-0.30"
"495060","TIME 코리아밸류업액티브","22525","345","1.56","22408.06","22180","22840","22180","225915","5093939944","95731250000","0","4250000","코리아 밸류업 지수","2458.82","-5.29","-0.21"
"385720","TIME 코스피액티브","20035","135","0.68","19990.81","19865","20250","19865","192595","3867998337","250437500000","0","12500000","코스피","5507.01","-15.26","-0.28"
"108590","TREX 200","81820","-100","-0.12","81755.08","81755","82935","81335","1145","94513255","16364000000","0","200000","코스피 200","815.03","-1.25","-0.15"
"145850","TREX 펀더멘탈 200","89070","80","0.09","89028.08","88990","90110","88990","316","28198600","22267500000","0","250000","FnGuide-RAFI 코리아200 지수","22573.64","-5.94","-0.03"
"472720","TRUSTON 주주가치액티브","23325","125","0.54","23250.43","23050","23620","23050","5796","135182555","13995000000","0","600000","코스피 200","815.03","-1.25","-0.15"
"496130","TRUSTON 코리아밸류업액티브","21245","-105","-0.49","21354.08","21355","21665","21245","992","21377455","12747000000","0","600000","코리아 밸류업 지수","2458.82","-5.29","-0.21"
"433250","UNICORN R&D 액티브","20970","-100","-0.47","20923.38","21130","21130","20870","1027","21667300","8388000000","0","400000","코스피 200","815.03","-1.25","-0.15"
"494220","UNICORN SK하이닉스밸류체인액티브","29765","-35","-0.12","29751.02","29800","30450","29765","268033","8067451671","104177500000","0","3500000","FnGuide SK하이닉스밸류체인 지수","5766.47","-158.16","-2.67"
"470310","UNICORN 생성형AI강소기업액티브","13150","-235","-1.76","13116.92","13240","13240","13050","333","4367630","3287500000","0","250000","iSelect AI 지수","2136.24","-22.37","-1.04"
"476000","UNICORN 포스트IPO액티브","12295","-230","-1.84","12258.01","12335","12340","12195","752","9225545","5532750000","0","450000","iSelect 포스트 IPO 지수","1666.90","-23.73","-1.40"
"422260","VITA MZ소비액티브","11290","-45","-0.40","11258.91","11220","11370","11105","2774","31331532","16935000000","0","1500000","FnGuide MZ 소비 지수","1109.23","-12.76","-1.14"
"452440","VITA 밸류알파액티브","19410","-220","-1.12","19440.00","19630","19630","19410","2414","47022680","13587000000","0","700000","FnGuide 밸류알파지수","2658.51","-35.62","-1.32"
"448100","WON 200","84285","-85","-0.10","84224.92","84230","85400","83855","11303","953594369","92713500000","0","1100000","코스피 200","815.03","-1.25","-0.15"
"413930","WON AI ESG액티브","21500","5","0.02","21474.89","21590","21700","21400","1220","26303645","13975000000","0","650000","MK-iSelect AI ESG 지수(시장가격지수)","3096.98","-10.55","-0.34"
"0088N0","WON K-글로벌수급상위","12480","-100","-0.79","12453.99","12465","12585","12355","101036","1256809450","32448000000","0","2600000","DeepSearch 외인수급 Top20 지수","4561.06","-40.90","-0.89"
"458030","WON 국공채머니마켓액티브","54220","-5","-0.01","54226.23","54225","54230","54220","1070","58022070","62786760000","0","1158000","KAP 국공채 머니마켓 총수익 지수","121.62","0.05","0.04"
"426150","WON 대한민국국고채액티브","54440","110","0.20","54489.04","54465","54545","54385","8885","483968810","57488640000","0","1056000","KAP 한국 국고채 총수익 지수","111.96","0.55","0.49"
"444490","WON 미국S&P500","18645","-340","-1.79","18701.91","18675","18715","18620","21442","400157097","68054250000","0","3650000","S&P 500","6836.17","3.41","0.05"
"489290","WON 미국빌리어네어","14730","-230","-1.54","14786.99","15405","15405","14685","32587","480074745","41980500000","0","2850000","Bloomberg US Billionaires Investment Select Index(PR)","5736.17","-14.43","-0.25"
"440910","WON 미국우주항공방산","26070","-80","-0.31","26080.34","26100","26110","25970","53877","1402799238","79513500000","0","3050000","S&P Aerospace & Defense Select Industry Index(PR)","41951.91","507.09","1.22"
"474590","WON 반도체밸류체인액티브","26155","-135","-0.51","26130.56","26280","26575","26055","62808","1650980216","126851750000","0","4850000","FnGuide 반도체 밸류체인 (Price Return) 지수","5563.41","-65.02","-1.16"
"496020","WON 전단채플러스액티브","51510","10","0.02","51515.90","51505","51515","51505","2080","107144849","174824940000","0","3394000","KIS 전단채플러스 TR 지수","118.67","0.00","0.00"
"488720","WON 종합채권(AA-이상)액티브","49995","85","0.17","49999.38","49980","50000","49980","1251","62542835","63593640000","0","1272000","KIS 종합채권시장 총수익지수(AA-이상)","108.83","0.33","0.30"
"0154F0","WON 초대형IB&금융지주","14720","565","3.99","14686.78","14470","15775","14230","3317598","49003319567","41952000000","0","2850000","iSelect 초대형IB&금융지주 지수","4995.78","179.78","3.73"
"480460","WON 한국부동산TOP3플러스","10470","90","0.87","10472.40","10380","10495","10380","1317","13792392","10470000000","0","1000000","DeepSearch 한국부동산TOP3플러스 지수","783.27","2.84","0.36"
"0053M0","더제이 중소형포커스액티브","13165","30","0.23","13248.11","13060","13410","13060","52389","689528615","10532000000","0","800000","코스피 200 중소형주지수","2437.86","-20.74","-0.84"
"488290","마이다스 일본테크액티브","35660","-885","-2.42","35840.18","36930","36930","35250","4685","167151002","8915000000","0","250000","Solactive Japan Tech Top 30 지수(PR)","4228.78","-104.85","-2.42"
"438740","마이다스 중소형액티브","36000","45","0.13","36133.05","36195","36235","35865","62","2233635","8100000000","0","225000","코스피 중형주","4462.58","-9.41","-0.21"
"403790","마이다스 코스피액티브","46220","25","0.05","46273.35","46505","46815","45940","327","15187235","155992500000","0","3375000","코스피","5507.01","-15.26","-0.28"
"0112X0","마이티 200TR","30515","-125","-0.41","30597.11","30640","30950","30465","6868","209633355","38143750000","0","1250000","코스피 200 TR","1072.71","-1.65","-0.15"
"465780","마이티 26-09 특수채(AAA)액티브","104865","0","0.00","104880.52","0","0","0","0","0","174390495000","0","1663000","KAP 26-09 특수채 지수(총수익)","116.34","0.07","0.06"
"442260","마이티 다이나믹퀀트액티브","28455","125","0.44","28374.45","28605","28725","28315","3370","95871655","34146000000","0","1200000","코스피 200","815.03","-1.25","-0.15"
"0001P0","마이티 바이오시밀러&CDMO액티브","13880","-110","-0.79","13827.26","13920","13920","13680","5905","81539561","16100800000","0","1160000","FnGuide 바이오시밀러&CDMO 지수","3065.00","-29.00","-0.94"
"159800","마이티 코스피100","64410","175","0.27","64366.87","64455","65200","64235","3288","212109865","18034800000","0","280000","코스피 100","6255.88","-1.04","-0.02"
"0007N0","아이엠에셋 200","82870","-185","-0.22","82869.61","82590","84040","82230","855","70619945","74583000000","0","900000","코스피 200","814.59","-1.69","-0.21"
"462340","에셋플러스 글로벌다이나믹시니어액티브","16405","-210","-1.26","16442.48","16500","16505","16395","69","1135505","8530600000","0","520000","S&P 500","6836.17","3.41","0.05"
"433220","에셋플러스 글로벌대장장이액티브","27930","-390","-1.38","27948.82","28300","28300","27925","1985","55470394","19551000000","0","700000","S&P 500","6836.17","3.41","0.05"
"451150","에셋플러스 글로벌영에이지액티브","18475","-370","-1.96","18567.23","18625","18635","18475","3502","65013748","11454500000","0","620000","S&P 500","6836.17","3.41","0.05"
"477490","에셋플러스 글로벌일등기업포커스10액티브","17950","-360","-1.97","18052.81","18310","18310","17950","1374","24803125","17950000000","0","1000000","MSCI World","4509.69","-6.13","-0.14"
"407830","에셋플러스 글로벌플랫폼액티브","14925","-405","-2.64","15006.94","15330","15330","14905","20053","299790680","50745000000","0","3400000","S&P 500","6836.17","3.41","0.05"
"0002C0","에셋플러스 인도일등기업포커스20액티브","9705","-165","-1.67","9722.17","9870","9870","9650","4257","41707580","10481400000","0","1080000","MSCI India IMI Index(PR)","2372.75","-34.91","-1.45"
"474920","에셋플러스 차이나일등기업포커스10액티브","17330","-260","-1.48","17495.99","17505","17530","17330","636","11045427","16290200000","0","940000","MSCI China Index(USD, Price Return)","82.87","-1.25","-1.49"
"442090","에셋플러스 코리아대장장이액티브","23115","-180","-0.77","23037.26","23295","23370","22995","467","10811970","20803500000","0","900000","FnGuide 대장장이 지수(Price Return)","2416.66","-52.44","-2.12"
"407820","에셋플러스 코리아플랫폼액티브","9225","45","0.49","9242.90","9180","9330","9180","8238","76414955","18450000000","0","2000000","FnGuide 플랫폼 지수(Price Return)","1455.66","-23.85","-1.61"
"152870","파워 200","82850","-185","-0.22","82875.75","82975","84045","82345","4180","347257890","124275000000","0","1500000","코스피 200","814.59","-1.69","-0.21"
"491510","파워 K-주주가치액티브","18370","120","0.66","18400.67","18540","18585","18190","241","4429406","20207000000","0","1100000","FnGuide K-주주가치 지수","3859.79","4.73","0.12"
"192720","파워 고배당저변동성","59630","390","0.66","59945.89","59955","60705","59240","18614","1110683410","19677900000","0","330000","코스피 200 고배당지수","5911.20","24.13","0.41"
"498180","파워 종합채권(AA-이상)액티브","96210","85","0.09","96290.69","0","0","0","0","0","112565700000","0","1170000","KIS 한국종합채권지수(AA-이상, 총수익)","108.50","0.00","0.00"
"140950","파워 코스피100","63495","-10","-0.02","63515.74","63505","64360","63205","1906","121514922","35557200000","0","560000","코스피 100","6246.72","-10.20","-0.16"