종목코드	6자리코드	종목명	시장구분	상장주식수
60310	060310	3S	KOSDAQ	53059040
95570	095570	AJ네트웍스	KOSPI	45252759
6840	006840	AK홀딩스	KOSPI	13247561
54620	054620	APS	KOSDAQ	18394221
265520	265520	AP시스템	KOSDAQ	15050821
211270	211270	AP위성	KOSDAQ	15082304
139050	139050	BF랩스	KOSDAQ	8644551
27410	027410	BGF	KOSPI	95716791
282330	282330	BGF리테일	KOSPI	17283906
126600	126600	BGF에코머티리얼즈	KOSDAQ	62766899
138930	138930	BNK금융지주	KOSPI	310327033
1460	001460	BYC	KOSPI	6246150
1465	001465	BYC우	KOSPI	2153850
83790	083790	CG인바이츠	KOSDAQ	76894182
1040	001040	CJ	KOSPI	29176998
79160	079160	CJ CGV	KOSPI	165582091
35760	035760	CJ ENM	KOSDAQ GLOBAL	21929154
311690	311690	CJ 바이오사이언스	KOSDAQ	13065462
00104K	00104K	CJ4우(전환)	KOSPI	4226512
120	000120	CJ대한통운	KOSPI	22812344
11150	011150	CJ씨푸드	KOSPI	35930773
11155	011155	CJ씨푸드1우	KOSPI	200000
1045	001045	CJ우	KOSPI	2260223
97950	097950	CJ제일제당	KOSPI	15054186
97955	097955	CJ제일제당 우	KOSPI	1327433
51500	051500	CJ프레시웨이	KOSDAQ	11871586
58820	058820	CMG제약	KOSDAQ	147842183
56730	056730	CNT85	KOSDAQ	74111186
480	000480	CR홀딩스	KOSPI	46890490
65770	065770	CS	KOSDAQ	19411130
83660	083660	CSA 코스믹	KOSDAQ	62829459
590	000590	CS홀딩스	KOSPI	1154482
12030	012030	DB	KOSPI	201173933
477760	477760	DB금융스팩12호	KOSDAQ	5840000
5830	005830	DB손해보험	KOSPI	69384000
16610	016610	DB증권	KOSPI	42446389
990	000990	DB하이텍	KOSPI	43504588
99520	099520	DGI	KOSDAQ	45281824
300	000300	DH오토넥스	KOSPI	41437055
290120	290120	DH오토리드	KOSDAQ	15824249
25440	025440	DH오토웨어	KOSDAQ	48781224
1530	001530	DI동일	KOSPI	19729280
15590	015590	DKME	KOSPI	236981544
210	000210	DL	KOSPI	20955884
215	000215	DL우	KOSPI	1686115
375500	375500	DL이앤씨	KOSPI	38693623
37550L	37550L	DL이앤씨2우(전환)	KOSPI	2111951
37550K	37550K	DL이앤씨우	KOSPI	2113885
68790	068790	DMS	KOSDAQ	22570224
7340	007340	DN오토모티브	KOSPI	58510865
4840	004840	DRB동일	KOSPI	19930000
241520	241520	DSC인베스트먼트	KOSDAQ	27000000
155660	155660	DSR	KOSPI	16000000
69730	069730	DSR제강	KOSPI	14400000
17860	017860	DS단석	KOSPI	17584212
180400	180400	DXVX	KOSDAQ	98429432
92780	092780	DYP	KOSPI	13168460
17940	017940	E1	KOSPI	6860000
418620	418620	E8	KOSDAQ	19850477
245620	245620	EDGC	KOSDAQ	138493951
37370	037370	EG	KOSDAQ	8624972
278990	278990	EMB	KONEX	8064777
365550	365550	ESR켄달스퀘어리츠	KOSPI	246089000
50120	050120	ES큐브	KOSDAQ	13564086
383220	383220	F&F	KOSPI	38307075
7700	007700	F&F홀딩스	KOSPI	39114367
214270	214270	FSN	KOSDAQ	43690959
130500	130500	GH신소재	KOSDAQ	14545052
114090	114090	GKL	KOSPI	61855670
900290	900290	GRT	KOSDAQ	80850000
78930	078930	GS	KOSPI	92915378
83450	083450	GST	KOSDAQ	18430000
6360	006360	GS건설	KOSPI	85581490
1250	001250	GS글로벌	KOSPI	82533764
7070	007070	GS리테일	KOSPI	83607415
78935	078935	GS우	KOSPI	1784826
499790	499790	GS피앤엘	KOSPI	19830841
297890	297890	HB솔루션	KOSDAQ	73140914
440290	440290	HB인베스트먼트	KOSDAQ	27506430
78150	078150	HB테크놀러지	KOSDAQ	92715916
225530	225530	HC보광산업	KOSDAQ	36338727
60560	060560	HC홈센타	KOSDAQ	126940008
12630	012630	HDC	KOSPI	59741721
39570	039570	HDC랩스	KOSPI	25957601
89470	089470	HDC현대EP	KOSPI	31900000
294870	294870	HDC현대산업개발	KOSPI	65907330
267270	267270	HD건설기계	KOSPI	47974118
9540	009540	HD한국조선해양	KOSPI	70773116
267250	267250	HD현대	KOSPI	78993085
443060	443060	HD현대마린솔루션	KOSPI	44831335
71970	071970	HD현대마린엔진	KOSPI	33921495
322000	322000	HD현대에너지솔루션	KOSPI	11200000
267260	267260	HD현대일렉트릭	KOSPI	36047135
329180	329180	HD현대중공업	KOSPI	104961225
376270	376270	HEM파마	KOSDAQ	7181727
97230	097230	HJ중공업	KOSPI	90295344
195940	195940	HK이노엔	KOSDAQ GLOBAL	28329891
14790	014790	HL D&I	KOSPI	37858601
28300	028300	HLB	KOSDAQ	133117504
3580	003580	HLB글로벌	KOSPI	50663505
278650	278650	HLB바이오스텝	KOSDAQ	87005539
67630	067630	HLB생명과학	KOSDAQ	121917058
24850	024850	HLB이노베이션	KOSDAQ	147476833
187420	187420	HLB제넥스	KOSDAQ	29202968
47920	047920	HLB제약	KOSDAQ	32799356
115450	115450	HLB테라퓨틱스	KOSDAQ	84382263
46210	046210	HLB파나진	KOSDAQ	45470654
196300	196300	HLB펩	KOSDAQ	9293398
204320	204320	HL만도	KOSPI	46957120
60980	060980	HL홀딩스	KOSPI	9213477
11200	011200	HMM	KOSPI	943237970
403870	403870	HPSP	KOSDAQ GLOBAL	83999120
36640	036640	HRS	KOSDAQ	16354800
35000	035000	HS애드	KOSPI	16207644
2460	002460	HS화성	KOSPI	10150000
487570	487570	HS효성	KOSPI	3725927
298050	298050	HS효성첨단소재	KOSPI	4479948
467930	467930	IBKS제23호스팩	KOSDAQ	4230000
469480	469480	IBKS제24호스팩	KOSDAQ	4230000
0099X0	0099X0	IBKS제25호스팩	KOSDAQ	5980000
15360	015360	INVENI	KOSPI	5700000
95340	095340	ISC	KOSDAQ GLOBAL	21197058
175330	175330	JB금융지주	KOSPI	189884601
950170	950170	JTC	KOSDAQ	51746348
234080	234080	JW생명과학	KOSPI	15834554
67290	067290	JW신약	KOSDAQ	56037103
1060	001060	JW중외제약	KOSPI	23285930
1067	001067	JW중외제약2우B	KOSPI	209973
1065	001065	JW중외제약우	KOSPI	341951
96760	096760	JW홀딩스	KOSPI	73924942
35900	035900	JYP Ent.	KOSDAQ GLOBAL	35532492
318000	318000	KBG	KOSDAQ	8740223
8970	008970	KBI동양철관	KOSPI	103766907
24840	024840	KBI메탈	KOSDAQ	34909199
105560	105560	KB금융	KOSPI	372850455
415640	415640	KB발해인프라	KOSPI	122545548
432320	432320	KB스타리츠	KOSPI	101414285
24120	024120	KB오토시스	KOSDAQ	11500000
464680	464680	KB제27호스팩	KOSDAQ	12905000
478390	478390	KB제29호스팩	KOSDAQ	6220000
486630	486630	KB제30호스팩	KOSDAQ	5310000
492220	492220	KB제31호스팩	KOSDAQ	6210000
0037T0	0037T0	KB제32호스팩	KOSDAQ	6330000
0072Z0	0072Z0	KB제33호스팩	KOSDAQ	7885000
2380	002380	KCC	KOSPI	8886471
21320	021320	KCC건설	KOSDAQ	21400000
344820	344820	KCC글라스	KOSPI	15970512
9070	009070	KCTC	KOSPI	30000000
9440	009440	KC그린홀딩스	KOSPI	23239141
112190	112190	KC산업	KONEX	27204889
119650	119650	KC코트렐	KOSPI	109785309
44180	044180	KD	KOSDAQ	26717799
92220	092220	KEC	KOSPI	200763141
46440	046440	KG모빌리언스	KOSDAQ	38010802
3620	003620	KG모빌리티	KOSPI	202374912
16380	016380	KG스틸	KOSPI	100008897
151860	151860	KG에코솔루션	KOSDAQ	47603002
35600	035600	KG이니시스	KOSDAQ	27554434
1390	001390	KG케미칼	KOSPI	67233030
60720	060720	KH바텍	KOSDAQ	23677442
1940	001940	KISCO홀딩스	KOSPI	14176380
58400	058400	KNN	KOSDAQ	132429720
25000	025000	KPX케미칼	KOSPI	4378709
92230	092230	KPX홀딩스	KOSPI	4224646
40	000040	KR모터스	KOSPI	86375184
44450	044450	KSS해운	KOSPI	23085880
101000	101000	KS인더스트리	KOSDAQ	33446802
30200	030200	KT	KOSPI	252021685
33780	033780	KT&G	KOSPI	117976645
58850	058850	KTcs	KOSPI	42685000
58860	058860	KTis	KOSPI	34802000
89600	089600	KT나스미디어	KOSDAQ	11568163
418470	418470	KT밀리의서재	KOSDAQ	8565789
43610	043610	KT지니뮤직	KOSDAQ	58115438
122450	122450	KX	KOSDAQ	44819834
52900	052900	KX하이텍	KOSDAQ	65374456
36560	036560	KZ정밀	KOSDAQ	15750000
61970	061970	LB세미콘	KOSDAQ	58083006
309960	309960	LB인베스트먼트	KOSDAQ	23217239
93050	093050	LF	KOSPI	29240000
3550	003550	LG	KOSPI	154221585
34220	034220	LG디스플레이	KOSPI	500000000
51900	051900	LG생활건강	KOSPI	15302459
51905	051905	LG생활건강우	KOSPI	2099697
64400	064400	LG씨엔에스	KOSPI	96885948
373220	373220	LG에너지솔루션	KOSPI	234000000
3555	003555	LG우	KOSPI	3011199
32640	032640	LG유플러스	KOSPI	429828355
11070	011070	LG이노텍	KOSPI	23667107
66570	066570	LG전자	KOSPI	162886387
66575	066575	LG전자우	KOSPI	17185992
37560	037560	LG헬로비전	KOSPI	77446865
51910	051910	LG화학	KOSPI	70592343
51915	051915	LG화학우	KOSPI	7688800
79550	079550	LIG넥스원	KOSPI	22000000
225190	225190	LK삼양	KOSDAQ	70468440
6260	006260	LS	KOSPI	31700000
10120	010120	LS ELECTRIC	KOSPI	30000000
680	000680	LS네트웍스	KOSPI	78803016
60370	060370	LS마린솔루션	KOSDAQ	52238854
417200	417200	LS머트리얼즈	KOSDAQ	67652659
229640	229640	LS에코에너지	KOSPI	30624879
78020	078020	LS증권	KOSDAQ	55481190
322180	322180	LS티라유텍	KOSDAQ	20921984
108320	108320	LX세미콘	KOSPI	16264300
1120	001120	LX인터내셔널	KOSPI	38760000
108670	108670	LX하우시스	KOSPI	8967670
108675	108675	LX하우시스우	KOSPI	1032330
383800	383800	LX홀딩스	KOSPI	76280690
38380K	38380K	LX홀딩스1우	KOSPI	1465285
476080	476080	M83	KOSDAQ	8073000
86960	086960	MDS테크	KOSDAQ	101658540
23150	023150	MH에탄올	KOSPI	7378526
35420	035420	NAVER	KOSPI	156852638
160550	160550	NEW	KOSDAQ	27906106
53290	053290	NE능률	KOSDAQ	16526307
181710	181710	NHN	KOSPI	32753139
60250	060250	NHN KCP	KOSDAQ	40160611
104200	104200	NHN벅스	KOSDAQ	14827550
400760	400760	NH올원리츠	KOSPI	54929275
5940	005940	NH투자증권	KOSPI	356344369
5945	005945	NH투자증권우	KOSPI	18870968
338100	338100	NH프라임리츠	KOSPI	18660000
34310	034310	NICE	KOSPI	36757157
63570	063570	NICE인프라	KOSDAQ	34147728
30190	030190	NICE평가정보	KOSPI	58911527
8260	008260	NI스틸	KOSPI	28600117
4250	004250	NPC	KOSPI	36720000
4255	004255	NPC우	KOSPI	5280000
222160	222160	NPX	KOSDAQ	9894439
456040	456040	OCI	KOSPI	8952495
10060	010060	OCI홀딩스	KOSPI	18670232
178920	178920	PI첨단소재	KOSPI	29366322
1340	001340	PKC	KOSPI	44918407
24940	024940	PN풍년	KOSDAQ	10000000
5490	005490	POSCO홀딩스	KOSPI	80932952
332570	332570	PS일렉트로닉스	KOSDAQ	43226552
218410	218410	RFHIC	KOSDAQ	26503442
327260	327260	RF머트리얼즈	KOSDAQ	8441135
474610	474610	RF시스템즈	KOSDAQ	13752093
91340	091340	S&K폴리텍	KOSDAQ	11703721
10950	010950	S-Oil	KOSPI	112582792
10955	010955	S-Oil우	KOSPI	4021927
419530	419530	SAMG엔터	KOSDAQ	9824515
19550	019550	SBI인베스트먼트	KOSDAQ	162066575
34120	034120	SBS	KOSPI	18551238
3080	003080	SB성보	KOSPI	20020000
246960	246960	SCL사이언스	KOSDAQ	34017047
99220	099220	SDN	KOSDAQ	64944350
36540	036540	SFA반도체	KOSDAQ	164460303
255220	255220	SG	KOSDAQ	103947752
40610	040610	SG&G	KOSDAQ	34087196
184230	184230	SGA솔루션즈	KOSDAQ	88776993
16250	016250	SGC E&C	KOSDAQ	5036986
5090	005090	SGC에너지	KOSPI	14409333
1380	001380	SG글로벌	KOSPI	44964143
4060	004060	SG세계물산	KOSPI	202424960
1770	001770	SHD	KOSPI	1214878
2360	002360	SH에너지화학	KOSPI	111133730
9160	009160	SIMPAC	KOSPI	65370968
33530	033530	SJG세종	KOSPI	27820961
123700	123700	SJM	KOSPI	15604898
25530	025530	SJM홀딩스	KOSPI	14934008
34730	034730	SK	KOSPI	72502703
357880	357880	SKAI	KOSDAQ	46899018
11790	011790	SKC	KOSPI	37868298
18670	018670	SK가스	KOSPI	9245244
1740	001740	SK네트웍스	KOSPI	221277902
6120	006120	SK디스커버리	KOSPI	18347855
6125	006125	SK디스커버리우	KOSPI	1312455
210980	210980	SK디앤디	KOSPI	18617382
395400	395400	SK리츠	KOSPI	301017620
302440	302440	SK바이오사이언스	KOSPI	78434701
326030	326030	SK바이오팜	KOSPI	78313250
402340	402340	SK스퀘어	KOSPI	132087115
260870	260870	SK시그넷	KONEX	21674747
361610	361610	SK아이이테크놀로지	KOSPI	81787100
100090	100090	SK오션플랜트	KOSPI	62478129
03473K	03473K	SK우	KOSPI	566135
96770	096770	SK이노베이션	KOSPI	169052788
96775	096775	SK이노베이션우	KOSPI	1248426
475150	475150	SK이터닉스	KOSPI	33754042
1510	001510	SK증권	KOSPI	472590171
1515	001515	SK증권우	KOSPI	3912514
285130	285130	SK케미칼	KOSPI	17298766
28513K	28513K	SK케미칼우	KOSPI	2115429
17670	017670	SK텔레콤	KOSPI	214790053
660	000660	SK하이닉스	KOSPI	728002365
48550	048550	SM C&C	KOSDAQ	96714620
63440	063440	SM Life Design	KOSDAQ	46029154
3570	003570	SNT다이내믹스	KOSPI	33252697
64960	064960	SNT모티브	KOSPI	26540272
100840	100840	SNT에너지	KOSPI	20680783
36530	036530	SNT홀딩스	KOSPI	16303886
67160	067160	SOOP	KOSDAQ GLOBAL	11494767
5610	005610	SPC삼립	KOSPI	8629009
11810	011810	STX	KOSPI	31017927
465770	465770	STX그린로지스	KOSPI	7171032
77970	077970	STX엔진	KOSPI	40148063
2820	002820	SUN&L	KOSPI	12607989
289080	289080	SV인베스트먼트	KOSDAQ	54316322
84870	084870	TBH글로벌	KOSPI	20856819
2710	002710	TCC스틸	KOSPI	26213697
13720	013720	THE CUBE&	KOSDAQ	60828143
89230	089230	THE E&M	KOSDAQ	30512953
32540	032540	TJ미디어	KOSDAQ	13931609
69260	069260	TKG휴켐스	KOSPI	40878588
7980	007980	TP	KOSPI	51175130
48770	048770	TPC	KOSDAQ	15697991
246690	246690	TS인베스트먼트	KOSDAQ	44671615
317240	317240	TS트릴리온	KOSDAQ	141188722
2900	002900	TYM	KOSPI	41400000
24070	024070	WISCOM	KOSPI	15326438
57030	057030	YBM넷	KOSDAQ	16312697
37270	037270	YG PLUS	KOSPI	63663110
40300	040300	YTN	KOSDAQ	47676980
51390	051390	YW	KOSDAQ	11355368
52220	052220	iMBC	KOSDAQ	23000000
139130	139130	iM금융지주	KOSPI	160624583
79940	079940	가비아	KOSDAQ	13420684
78890	078890	가온그룹	KOSDAQ	18424943
500	000500	가온전선	KOSPI	16543115
399720	399720	가온칩스	KOSDAQ	11600420
296520	296520	가이아코퍼레이션	KONEX	4667008
36620	036620	감성코퍼레이션	KOSDAQ	90503771
860	000860	강남제비스코	KOSPI	13000000
198440	198440	강동씨앤엘	KOSDAQ	60931896
217730	217730	강스템바이오텍	KOSDAQ	94054149
35250	035250	강원랜드	KOSPI	213940500
114190	114190	강원에너지	KOSDAQ	26123038
94480	094480	갤럭시아머니트리	KOSDAQ	39229838
11420	011420	갤럭시아에스엠	KOSPI	27549644
39240	039240	경남스틸	KOSDAQ	26979604
53950	053950	경남제약	KOSDAQ	78147358
2100	002100	경농	KOSPI	19522575
9450	009450	경동나비엔	KOSPI	14568592
267290	267290	경동도시가스	KOSPI	5895406
12320	012320	경동인베스트	KOSPI	2365023
11040	011040	경동제약	KOSDAQ	30768766
50	000050	경방	KOSPI	27415270
214390	214390	경보제약	KOSPI	23906860
12610	012610	경인양행	KOSPI	41616365
9140	009140	경인전자	KOSPI	1570797
24910	024910	경창산업	KOSDAQ	35819005
13580	013580	계룡건설	KOSPI	8930907
12200	012200	계양전기	KOSPI	27222829
12205	012205	계양전기우	KOSPI	1169079
2140	002140	고려산업	KOSPI	24939425
49720	049720	고려신용정보	KOSDAQ	14300000
10130	010130	고려아연	KOSPI	20872969
2240	002240	고려제강	KOSPI	27000000
14570	014570	고려제약	KOSDAQ	11000000
348150	348150	고바이오랩	KOSDAQ	19418889
950190	950190	고스트스튜디오	KOSDAQ	13017059
98460	098460	고영	KOSDAQ	68654755
35290	035290	골드앤에스	KOSDAQ	23838240
215000	215000	골프존	KOSDAQ GLOBAL	6275415
121440	121440	골프존홀딩스	KOSDAQ	42836818
366030	366030	공구우먼	KOSDAQ	22653850
9290	009290	광동제약	KOSPI	49799808
86220	086220	광동헬스바이오	KONEX	12687865
17040	017040	광명전기	KOSPI	43337615
29480	029480	광무	KOSDAQ	61879864
17900	017900	광전자	KOSPI	57943763
37710	037710	광주신세계	KOSPI	7957190
26910	026910	광진실업	KOSDAQ	6405405
465320	465320	교보15호스팩	KOSDAQ	3810000
482520	482520	교보16호스팩	KOSDAQ	6100000
489210	489210	교보17호스팩	KOSDAQ	5180000
0041B0	0041B0	교보18호스팩	KOSDAQ	5040000
0098T0	0098T0	교보19호스팩	KOSDAQ	5400000
30610	030610	교보증권	KOSPI	113962961
339770	339770	교촌에프앤비	KOSPI	49965080
53270	053270	구영테크	KOSDAQ	27410405
7690	007690	국도화학	KOSPI	9260832
66620	066620	국보디자인	KOSDAQ	7500000
43650	043650	국순당	KOSDAQ	17858304
6050	006050	국영지앤엠	KOSDAQ	34895243
60480	060480	국일신동	KOSDAQ	11090000
78130	078130	국일제지	KOSDAQ	1127405871
307750	307750	국전약품	KOSDAQ	50176380
2720	002720	국제약품	KOSPI	21159832
35080	035080	그래디언트	KOSDAQ	13676598
318060	318060	그래피	KOSDAQ	11127777
453450	453450	그리드위즈	KOSDAQ	7942750
204020	204020	그리티	KOSDAQ	19450832
0015G0	0015G0	그린광학	KOSDAQ	11702541
402490	402490	그린리소스	KOSDAQ	16565488
114450	114450	그린생명과학	KOSDAQ	20000000
83420	083420	그린케미칼	KOSPI	24000000
186230	186230	그린플러스	KOSDAQ	10920188
14530	014530	극동유화	KOSPI	34869420
900070	900070	글로벌에스엠	KOSDAQ	53743968
204620	204620	글로벌텍스프리	KOSDAQ	70283330
19660	019660	글로본	KOSDAQ	13944333
14280	014280	금강공업	KOSPI	29329357
14285	014285	금강공업우	KOSPI	589875
53260	053260	금강철강	KOSDAQ	18720000
8870	008870	금비	KOSPI	1000000
1570	001570	금양	KOSPI	63967196
282720	282720	금양그린파워	KOSDAQ	12119500
2990	002990	금호건설	KOSPI	36996760
2995	002995	금호건설우	KOSPI	292266
11780	011780	금호석유화학	KOSPI	26031742
11785	011785	금호석유화학우	KOSPI	3023486
214330	214330	금호에이치티	KOSPI	218046510
1210	001210	금호전기	KOSPI	61553997
73240	073240	금호타이어	KOSPI	287260287
36190	036190	금화피에스시	KOSDAQ	6000000
49080	049080	기가레인	KOSDAQ	84883347
420770	420770	기가비스	KOSDAQ	12675758
35460	035460	기산텔레콤	KOSDAQ	14577340
92440	092440	기신정기	KOSPI	29200000
270	000270	기아	KOSPI	390412998
24110	024110	기업은행	KOSPI	797425869
13700	013700	까뮤이앤씨	KOSPI	59750830
4540	004540	깨끗한나라	KOSPI	37240693
4545	004545	깨끗한나라우	KOSPI	366160
407400	407400	꿈비	KOSDAQ	14634534
187790	187790	나노	KOSDAQ	30840830
121600	121600	나노신소재	KOSDAQ	12211191
286750	286750	나노실리칸첨단소재	KOSDAQ	32028857
247660	247660	나노씨엠에스	KOSDAQ	4343920
39860	039860	나노엔텍	KOSDAQ	38093053
91970	091970	나노캠텍	KOSDAQ	37673903
417010	417010	나노팀	KOSDAQ	20172728
244880	244880	나눔테크	KONEX	5020000
405920	405920	나라셀라	KOSDAQ	12878076
478340	478340	나라스페이스테크놀로지	KOSDAQ	11533591
51490	051490	나라엠앤디	KOSDAQ	14200000
137080	137080	나래나노텍	KOSDAQ	11059422
190510	190510	나무가	KOSDAQ	14045317
242040	242040	나무기술	KOSDAQ	34606264
293580	293580	나우IB	KOSDAQ	94929950
459510	459510	나우로보틱스	KOSDAQ	12955382
257990	257990	나우코스	KONEX	5891392
138610	138610	나이벡	KOSDAQ	11365904
130580	130580	나이스디앤비	KOSDAQ	15400000
36800	036800	나이스정보통신	KOSDAQ	10000000
267320	267320	나인테크	KOSDAQ	57415295
1260	001260	남광토건	KOSPI	9832572
8350	008350	남선알미늄	KOSPI	129079090
8355	008355	남선알미우	KOSPI	307890
4270	004270	남성	KOSPI	36212160
3920	003920	남양유업	KOSPI	6000000
3925	003925	남양유업우	KOSPI	2000000
25860	025860	남해화학	KOSPI	49678843
111710	111710	남화산업	KOSDAQ	20588000
91590	091590	남화토건	KOSDAQ	11740000
168330	168330	내츄럴엔도텍	KOSDAQ	31754900
94860	094860	네오리진	KOSDAQ	25110014
253590	253590	네오셈	KOSDAQ	43869164
212560	212560	네오오토	KOSDAQ	11812241
95660	095660	네오위즈	KOSDAQ	21856816
42420	042420	네오위즈홀딩스	KOSDAQ	8366283
950220	950220	네오이뮨텍	KOSDAQ	167638405
311390	311390	네오크레마	KOSDAQ	12653789
85910	085910	네오티스	KOSDAQ	13934818
92730	092730	네오팜	KOSDAQ	16027989
290660	290660	네오펙트	KOSDAQ	76457476
153460	153460	네이블	KOSDAQ	6530014
7390	007390	네이처셀	KOSDAQ	64435056
33640	033640	네패스	KOSDAQ	23059202
330860	330860	네패스아크	KOSDAQ	12184045
351320	351320	넥사다이내믹스	KOSDAQ	28823752
5720	005720	넥센	KOSPI	53543977
5725	005725	넥센우	KOSPI	3600600
2350	002350	넥센타이어	KOSPI	97667877
2355	002355	넥센타이어1우B	KOSPI	6500000
89140	089140	넥스턴앤롤코리아	KOSDAQ	14916234
389650	389650	넥스트바이오메디컬	KOSDAQ	8203886
137940	137940	넥스트아이	KOSDAQ	85368992
396270	396270	넥스트칩	KOSDAQ	32868531
348210	348210	넥스틴	KOSDAQ GLOBAL	10477005
92790	092790	넥스틸	KOSPI	26002000
225570	225570	넥슨게임즈	KOSDAQ	65860174
205500	205500	넥써쓰	KOSDAQ	61419792
217270	217270	넵튠	KOSDAQ	46735643
251270	251270	넷마블	KOSPI	85953502
317860	317860	노드메이슨	KONEX	4513215
104620	104620	노랑풍선	KOSDAQ	16810552
90350	090350	노루페인트	KOSPI	20000000
90355	090355	노루페인트우	KOSPI	463126
320	000320	노루홀딩스	KOSPI	13291151
325	000325	노루홀딩스우	KOSPI	243559
473980	473980	노머스	KOSDAQ	11057322
194700	194700	노바렉스	KOSDAQ	18754848
285490	285490	노바텍	KOSDAQ	10575831
145170	145170	노브랜드	KOSDAQ	16908405
229500	229500	노브메타파마	KONEX	12709734
106520	106520	노블엠앤비	KOSDAQ	38695952
376930	376930	노을	KOSDAQ	51291323
486990	486990	노타	KOSDAQ	21324030
6280	006280	녹십자	KOSPI	11686538
142280	142280	녹십자엠에스	KOSDAQ	21741926
234690	234690	녹십자웰빙	KOSDAQ	17752276
5250	005250	녹십자홀딩스	KOSPI	47028210
5257	005257	녹십자홀딩스2우	KOSPI	845990
4370	004370	농심	KOSPI	6082642
72710	072710	농심홀딩스	KOSPI	4637790
54050	054050	농우바이오	KOSDAQ	16030561
69140	069140	누리플랜	KOSDAQ	14402564
40160	040160	누리플렉스	KOSDAQ	12055535
332290	332290	누보	KOSDAQ	39904404
348340	348340	뉴로메카	KOSDAQ	12346151
380550	380550	뉴로핏	KOSDAQ	11660804
60260	060260	뉴보텍	KOSDAQ	13512009
463020	463020	뉴엔AI	KOSDAQ	8879200
123840	123840	뉴온	KOSDAQ	63654307
12340	012340	뉴인텍	KOSDAQ	53529537
462310	462310	뉴키즈온	KOSDAQ	8185121
270870	270870	뉴트리	KOSDAQ	9200224
144960	144960	뉴파워프라즈마	KOSDAQ	43692624
85670	085670	뉴프렉스	KOSDAQ	24450761
64260	064260	다날	KOSDAQ	75377601
340360	340360	다보링크	KOSDAQ	51012909
39560	039560	다산네트웍스	KOSDAQ	39613981
208860	208860	다산디엠씨	KOSDAQ	33949973
154040	154040	다산솔루에타	KOSDAQ	17950094
58730	058730	다스코	KOSPI	18888941
30210	030210	다올투자증권	KOSPI	60911106
23590	023590	다우기술	KOSPI	44866617
32190	032190	다우데이타	KOSDAQ	38300000
323350	323350	다원넥스뷰	KOSDAQ	8010772
68240	068240	다원시스	KOSDAQ	38163437
145210	145210	다이나믹디자인	KOSPI	42236668
483650	483650	달바글로벌	KOSPI	12392665
464580	464580	닷밀	KOSDAQ	18406089
19680	019680	대교	KOSPI	84702850
19685	019685	대교우B	KOSPI	19426990
6370	006370	대구백화점	KOSPI	10821611
8060	008060	대덕	KOSPI	33890150
00806K	00806K	대덕1우	KOSPI	1212357
353200	353200	대덕전자	KOSPI	49416925
35320K	35320K	대덕전자1우	KOSPI	2095519
490	000490	대동	KOSPI	28826865
178600	178600	대동고려삼	KONEX	4449600
20400	020400	대동금속	KOSDAQ	3189166
8830	008830	대동기어	KOSDAQ	8987520
48470	048470	대동스틸	KOSDAQ	10000000
8110	008110	대동전자	KOSPI	10490447
4780	004780	대륙제관	KOSDAQ	15903199
5750	005750	대림바스	KOSPI	16672240
17650	017650	대림제지	KOSDAQ	8785000
6570	006570	대림통상	KOSPI	15225000
389260	389260	대명에너지	KOSDAQ	17916325
317850	317850	대모	KOSDAQ	8324420
290670	290670	대보마그네틱	KOSDAQ	7857660
78140	078140	대봉엘에스	KOSDAQ	11086579
65150	065150	대산F&B	KOSDAQ	159382405
1680	001680	대상	KOSPI	34648025
1685	001685	대상우	KOSPI	1370223
84690	084690	대상홀딩스	KOSPI	36212538
84695	084695	대상홀딩스우	KOSPI	913482
36480	036480	대성미생물	KOSDAQ	3800000
128820	128820	대성산업	KOSPI	45235478
117580	117580	대성에너지	KOSPI	27500000
27830	027830	대성창투	KOSDAQ	54000000
104040	104040	대성파인텍	KOSDAQ	134067826
129920	129920	대성하이텍	KOSDAQ	13715053
16710	016710	대성홀딩스	KOSPI	16089459
457630	457630	대신밸런스제16호스팩	KOSDAQ	7310000
471050	471050	대신밸런스제17호스팩	KOSDAQ	6060000
482690	482690	대신밸런스제19호스팩	KOSDAQ	5615000
0030R0	0030R0	대신밸류리츠	KOSPI	59780000
20180	020180	대신정보통신	KOSDAQ	38428915
3540	003540	대신증권	KOSPI	50773400
3547	003547	대신증권2우B	KOSPI	10000000
3545	003545	대신증권우	KOSPI	26000000
45390	045390	대아티아이	KOSDAQ	70473377
9190	009190	대양금속	KOSPI	43192625
108380	108380	대양전기공업	KOSDAQ	9567333
14160	014160	대영포장	KOSPI	108394549
47040	047040	대우건설	KOSPI	415622638
3090	003090	대웅	KOSPI	58141980
69620	069620	대웅제약	KOSPI	11586575
7680	007680	대원	KOSDAQ	13446474
430	000430	대원강업	KOSPI	62000000
48910	048910	대원미디어	KOSDAQ	12578946
5710	005710	대원산업	KOSDAQ	20037600
6340	006340	대원전선	KOSPI	77074671
6345	006345	대원전선우	KOSPI	2621200
3220	003220	대원제약	KOSPI	22427583
24890	024890	대원화성	KOSPI	41249152
2880	002880	대유에이텍	KOSPI	46773995
120240	120240	대정화금	KOSDAQ	7190391
3310	003310	대주산업	KOSDAQ	35392350
114920	114920	대주이엔티	KONEX	3469500
78600	078600	대주전자재료	KOSDAQ	15480593
393970	393970	대진첨단소재	KOSDAQ	17840820
12800	012800	대창	KOSPI	91140499
15230	015230	대창단조	KOSPI	28572230
96350	096350	대창솔루션	KOSDAQ	36854762
140520	140520	대창스틸	KOSDAQ	21109243
131220	131220	대한과학	KOSDAQ	7454490
10170	010170	대한광통신	KOSDAQ	131985660
54670	054670	대한뉴팜	KOSDAQ	14354920
1070	001070	대한방직	KOSPI	5300000
23910	023910	대한약품	KOSDAQ	6000000
6650	006650	대한유화	KOSPI	6500000
1440	001440	대한전선	KOSPI	186447300
84010	084010	대한제강	KOSPI	34371596
1790	001790	대한제당	KOSPI	89696580
1795	001795	대한제당우	KOSPI	6482760
1130	001130	대한제분	KOSPI	1690000
439260	439260	대한조선	KOSPI	38526312
3490	003490	대한항공	KOSPI	368220661
3495	003495	대한항공우	KOSPI	1110794
5880	005880	대한해운	KOSPI	322747340
3830	003830	대한화섬	KOSPI	1328000
16090	016090	대현	KOSPI	44282310
69460	069460	대호에이엘	KOSPI	87071952
21040	021040	대호특수강	KOSDAQ	21704774
21045	021045	대호특수강우	KOSDAQ	848492
67080	067080	대화제약	KOSDAQ	18616650
298540	298540	더네이쳐홀딩스	KOSDAQ	14486386
32860	032860	더라미	KOSDAQ	40395863
475560	475560	더본코리아	KOSPI	14827970
192080	192080	더블유게임즈	KOSPI	21173468
393890	393890	더블유씨피	KOSDAQ GLOBAL	33843144
299170	299170	더블유에스아이	KOSDAQ	41511288
12510	012510	더존비즈온	KOSPI	30382784
462860	462860	더즌	KOSDAQ	71843711
224060	224060	더코디	KOSDAQ	5160722
302920	302920	더콘텐츠온	KONEX	4552359
43090	043090	더테크놀로지	KOSDAQ	12418275
403850	403850	더핑크퐁컴퍼니	KOSDAQ	14351010
213420	213420	덕산네오룩스	KOSDAQ GLOBAL	24831179
317330	317330	덕산테코피아	KOSDAQ	20476584
77360	077360	덕산하이메탈	KOSDAQ	45437002
4830	004830	덕성	KOSPI	15680000
4835	004835	덕성우	KOSPI	1392000
90410	090410	덕신이피씨	KOSDAQ	46084095
0001A0	0001A0	덕양에너젠	KOSDAQ	24791195
263600	263600	덕우전자	KOSDAQ	15930310
194480	194480	데브시스터즈	KOSDAQ	12129150
373160	373160	데이원컴퍼니	KOSDAQ	13805219
263800	263800	데이타솔루션	KOSDAQ	16222380
199150	199150	데이터스트림즈	KONEX	4268613
206560	206560	덱스터	KOSDAQ	25411736
261200	261200	덴티스	KOSDAQ	15809700
145720	145720	덴티움	KOSPI	11068830
227420	227420	도부	KONEX	38044510
484120	484120	도우인시스	KOSDAQ	10957422
67990	067990	도이치모터스	KOSDAQ	29181550
2150	002150	도화엔지니어링	KOSPI	33720000
6620	006620	동구바이오제약	KOSDAQ	28464992
100130	100130	동국S&C	KOSDAQ	57143000
5160	005160	동국산업	KOSDAQ	54244482
303810	303810	동국생명과학	KOSDAQ	31984140
460850	460850	동국씨엠	KOSPI	29898656
75970	075970	동국알앤에스	KOSDAQ	18400000
460860	460860	동국제강	KOSPI	49608017
86450	086450	동국제약	KOSDAQ GLOBAL	45230420
1230	001230	동국홀딩스	KOSPI	31800483
23450	023450	동남합성	KOSPI	3500000
4140	004140	동방	KOSPI	47971766
240550	240550	동방메디컬	KOSDAQ	20933940
99410	099410	동방선기	KOSDAQ	14000000
7590	007590	동방아그로	KOSPI	13617577
5960	005960	동부건설	KOSPI	22946663
5965	005965	동부건설우	KOSPI	225732
26960	026960	동서	KOSPI	99700000
2210	002210	동성제약	KOSPI	26619507
102260	102260	동성케미컬	KOSPI	50176791
33500	033500	동성화인텍	KOSDAQ	29989494
25950	025950	동신건설	KOSDAQ	8400000
640	000640	동아쏘시오홀딩스	KOSPI	6536434
170900	170900	동아에스티	KOSPI	9352651
88130	088130	동아엘텍	KOSDAQ	17485314
28100	028100	동아지질	KOSPI	13389502
41930	041930	동아화성	KOSDAQ	15800000
1520	001520	동양	KOSPI	238684063
1527	001527	동양2우B	KOSPI	308569
84670	084670	동양고속	KOSPI	2895569
82640	082640	동양생명	KOSPI	161358585
60380	060380	동양에스텍	KOSDAQ	19700000
1525	001525	동양우	KOSPI	617731
79960	079960	동양이엔피	KOSDAQ	7860000
228340	228340	동양파일	KOSDAQ	20000000
88910	088910	동우팜투테이블	KOSDAQ	25831764
94170	094170	동운아나텍	KOSDAQ	20909936
13120	013120	동원개발	KOSDAQ	90808100
18500	018500	동원금속	KOSPI	46754933
6040	006040	동원산업	KOSPI	44147986
30720	030720	동원수산	KOSPI	4653805
14820	014820	동원시스템즈	KOSPI	28991282
14825	014825	동원시스템즈우	KOSPI	264111
111380	111380	동인기연	KOSPI	6128000
163560	163560	동일고무벨트	KOSPI	13900000
109860	109860	동일금속	KOSDAQ	9100000
32960	032960	동일기연	KOSDAQ	3518595
4890	004890	동일산업	KOSPI	2425215
23790	023790	동일스틸럭스	KOSDAQ	26139617
2690	002690	동일제강	KOSPI	20300360
5290	005290	동진쎄미켐	KOSDAQ	51414494
25900	025900	동화기업	KOSDAQ GLOBAL	50557285
20	000020	동화약품	KOSPI	27931470
150	000150	두산	KOSPI	16193835
157	000157	두산2우B	KOSPI	893038
454910	454910	두산로보틱스	KOSPI	64819980
241560	241560	두산밥캣	KOSPI	95856065
34020	034020	두산에너빌리티	KOSPI	640561146
155	000155	두산우	KOSPI	3996462
131970	131970	두산테스나	KOSDAQ GLOBAL	19327238
336260	336260	두산퓨얼셀	KOSPI	65493726
33626K	33626K	두산퓨얼셀1우	KOSPI	13364200
33626L	33626L	두산퓨얼셀2우B	KOSPI	2986300
16740	016740	두올	KOSPI	28674024
73190	073190	듀오백	KOSDAQ	11968040
176750	176750	듀켐바이오	KOSDAQ	28455220
30350	030350	드래곤플라이	KOSDAQ	15592079
203650	203650	드림시큐리티	KOSDAQ	95632844
223250	223250	드림씨아이에스	KOSDAQ	24577490
60570	060570	드림어스컴퍼니	KOSDAQ	74101573
362990	362990	드림인사이트	KOSDAQ	16800574
192650	192650	드림텍	KOSPI	68948026
16670	016670	디모아	KOSDAQ	7594234
187870	187870	디바이스	KOSDAQ	7036609
489730	489730	디비금융제13호스팩	KOSDAQ	6332000
0004Y0	0004Y0	디비금융제14호스팩	KOSDAQ	5315000
24090	024090	디씨엠	KOSPI	11400000
3160	003160	디아이	KOSPI	28300000
92200	092200	디아이씨	KOSPI	38888569
110990	110990	디아이티	KOSDAQ	18900000
263690	263690	디알젬	KOSDAQ	11325610
214680	214680	디알텍	KOSDAQ	83477056
347850	347850	디앤디파마텍	KOSDAQ	43535430
377190	377190	디앤디플랫폼리츠	KOSPI	88400000
263720	263720	디앤씨미디어	KOSDAQ	12412591
376300	376300	디어유	KOSDAQ	23738406
109740	109740	디에스케이	KOSDAQ	25710390
31860	031860	디에이치엑스컴퍼니	KOSDAQ	18985423
196490	196490	디에이테크놀로지	KOSDAQ	178549360
66900	066900	디에이피	KOSDAQ	22744503
92070	092070	디엔에프	KOSDAQ	11571858
39840	039840	디오	KOSDAQ	14375087
13570	013570	디와이	KOSPI	26319633
24900	024900	디와이덕양	KOSPI	32564980
219550	219550	디와이디	KOSDAQ	31277669
310870	310870	디와이씨	KOSDAQ	20687271
210540	210540	디와이파워	KOSPI	11041708
104460	104460	디와이피엔에프	KOSDAQ	10518101
79810	079810	디이엔티	KOSDAQ	21528094
113810	113810	디젠스	KOSDAQ	32628051
43360	043360	디지아이	KOSDAQ	9000000
197140	197140	디지캡	KOSDAQ	13013154
68930	068930	디지털대성	KOSDAQ	27675342
33130	033130	디지틀조선	KOSDAQ	37115267
105740	105740	디케이락	KOSDAQ	10168513
263020	263020	디케이앤디	KOSDAQ	13836146
290550	290550	디케이티	KOSDAQ	20001230
66670	066670	디티씨	KOSDAQ	18691918
187220	187220	디티앤씨	KOSDAQ	11524933
383930	383930	디티앤씨알오	KOSDAQ	12784128
131180	131180	딜리	KOSDAQ	29350000
315640	315640	딥노이드	KOSDAQ	29372232
317120	317120	라닉스	KOSDAQ	15260000
462510	462510	라메디텍	KOSDAQ	8802965
232680	232680	라온로보틱스	KOSDAQ	13014735
42510	042510	라온시큐어	KOSDAQ	11205174
418420	418420	라온텍	KOSDAQ	30479308
300120	300120	라온피플	KOSDAQ	20860012
171120	171120	라이온켐텍	KOSDAQ	35901760
388790	388790	라이콤	KOSDAQ	30609397
214260	214260	라파스	KOSDAQ	8922463
403360	403360	라피치	KONEX	3449454
171010	171010	램테크놀러지	KOSDAQ	14298752
84650	084650	랩지노믹스	KOSDAQ	74239990
217500	217500	러셀	KOSDAQ	31812000
92590	092590	럭스피아	KONEX	7291098
266170	266170	레드우즈	KONEX	733826
38390	038390	레드캡투어	KOSDAQ	16720822
294140	294140	레몬	KOSDAQ	22414818
443250	443250	레뷰코퍼레이션	KOSDAQ	11137760
228670	228670	레이	KOSDAQ	15602050
228850	228850	레이언스	KOSDAQ	16591014
412350	412350	레이저쎌	KOSDAQ	13026972
199550	199550	레이저옵텍	KOSDAQ	12265791
281740	281740	레이크머티리얼즈	KOSDAQ	65730548
277810	277810	레인보우로보틱스	KOSDAQ	19399858
215100	215100	로보로보	KOSDAQ	20348454
90360	090360	로보스타	KOSDAQ	9750000
238500	238500	로보쓰리에이아이	KONEX	52018262
108490	108490	로보티즈	KOSDAQ	14649528
900260	900260	로스웰	KOSDAQ	46029706
33290	033290	로젠	KOSDAQ	56156301
223220	223220	로지스몬	KONEX	1620620
67730	067730	로지시스	KOSDAQ	9673922
71280	071280	로체시스템즈	KOSDAQ	15296603
376900	376900	로킷헬스케어	KOSDAQ	15661489
214610	214610	롤링스톤	KOSDAQ	8383322
32350	032350	롯데관광개발	KOSPI	79601474
89860	089860	롯데렌탈	KOSPI	36309388
330590	330590	롯데리츠	KOSPI	288968884
400	000400	롯데손해보험	KOSPI	310336320
23530	023530	롯데쇼핑	KOSPI	28288755
20150	020150	롯데에너지머티리얼즈	KOSPI	52365463
280360	280360	롯데웰푸드	KOSPI	9304574
286940	286940	롯데이노베이트	KOSPI	15129367
4000	004000	롯데정밀화학	KOSPI	25800000
4990	004990	롯데지주	KOSPI	104909237
00499K	00499K	롯데지주우	KOSPI	805603
5300	005300	롯데칠성	KOSPI	9278884
5305	005305	롯데칠성우	KOSPI	775310
11170	011170	롯데케미칼	KOSPI	42775419
71840	071840	롯데하이마트	KOSPI	23607712
328130	328130	루닛	KOSDAQ	29284502
38060	038060	루멘스	KOSDAQ	48103069
474170	474170	루미르	KOSDAQ	17817696
162120	162120	루켄테크놀러지스	KONEX	11156602
253610	253610	루트락	KONEX	10185410
141080	141080	리가켐바이오	KOSDAQ GLOBAL	36610338
58470	058470	리노공업	KOSDAQ GLOBAL	76211850
16100	016100	리더스코스메틱	KOSDAQ	19100894
12700	012700	리드코프	KOSDAQ	26446135
302550	302550	리메드	KOSDAQ	31495528
491000	491000	리브스메드	KOSDAQ	24953391
73570	073570	리튬포어스	KOSDAQ	60186641
377450	377450	리파인	KOSDAQ	17330000
277070	277070	린드먼아시아	KOSDAQ	13692000
42500	042500	링네트	KOSDAQ	22291144
193250	193250	링크드	KOSDAQ	64592413
474650	474650	링크솔루션	KOSDAQ	5624032
219420	219420	링크제니시스	KOSDAQ	11469507
439090	439090	마녀공장	KOSDAQ	16388260
27740	027740	마니커	KOSPI	63511228
195500	195500	마니커에프앤지	KOSDAQ	15978000
357430	357430	마스턴프리미어리츠	KOSPI	30505307
377480	377480	마음AI	KOSDAQ	7110275
305090	305090	마이크로디지탈	KOSDAQ	18595055
448780	448780	마이크로엔엑스	KONEX	2677680
98120	098120	마이크로컨텍솔	KOSDAQ	8312766
424980	424980	마이크로투나노	KOSDAQ	5918890
38290	038290	마크로젠	KOSDAQ	10841400
1080	001080	만호제강	KOSPI	4150000
267980	267980	매일유업	KOSDAQ	7663638
5990	005990	매일홀딩스	KOSDAQ	13298304
93520	093520	매커스	KOSDAQ	14163092
88980	088980	맥쿼리인프라	KOSPI	478921993
94800	094800	맵스리얼티	KOSPI	92834331
179720	179720	머니무브	KONEX	2455804
100590	100590	머큐리	KOSDAQ	15830023
67280	067280	멀티캠퍼스	KOSDAQ	5926779
72870	072870	메가스터디	KOSDAQ	11920959
215200	215200	메가스터디교육	KOSDAQ GLOBAL	10365216
133750	133750	메가엠디	KOSDAQ	23407077
446540	446540	메가터치	KOSDAQ	20771000
235980	235980	메드팩토	KOSDAQ	34275121
200580	200580	메디쎄이	KONEX	3726079
41920	041920	메디아나	KOSDAQ	18598223
233250	233250	메디안디노스틱	KONEX	1746534
14100	014100	메디앙스	KOSDAQ	11800000
236340	236340	메디젠휴먼케어	KONEX	3014647
54180	054180	메디콕스	KOSDAQ	5527981
86900	086900	메디톡스	KOSDAQ	7298497
78160	078160	메디포스트	KOSDAQ	39204603
138040	138040	메리츠금융지주	KOSPI	175221773
0088D0	0088D0	메리츠제1호스팩	KOSDAQ	5795000
408920	408920	메쎄이상	KOSDAQ	43232455
21880	021880	메이슨캐피탈	KOSDAQ	212184408
140410	140410	메지온	KOSDAQ	30363914
241770	241770	메카로	KOSDAQ	10192640
90370	090370	메타랩스	KOSPI	24904689
59210	059210	메타바이오메드	KOSDAQ	28094301
118000	118000	메타케어	KOSPI	171777364
58110	058110	멕아이씨에스	KOSDAQ	16050530
72770	072770	멤레이비티	KOSDAQ	83024196
17180	017180	명문제약	KOSPI	33953454
9900	009900	명신산업	KOSPI	52470133
317450	317450	명인제약	KOSPI	14600000
12690	012690	모나리자	KOSPI	36571255
5360	005360	모나미	KOSPI	18897307
70960	070960	모나용평	KOSPI	48133333
434480	434480	모니터랩	KOSDAQ	12310300
80420	080420	모다이노칩	KOSDAQ	79721622
417970	417970	모델솔루션	KOSDAQ	6396700
80160	080160	모두투어	KOSDAQ	18900000
87260	087260	모바일어플라이언스	KOSDAQ	32552861
101330	101330	모베이스	KOSDAQ	23147029
12860	012860	모베이스전자	KOSDAQ	73233457
363260	363260	모비데이즈	KOSDAQ	32163769
348030	348030	모비릭스	KOSDAQ	9603800
250060	250060	모비스	KOSDAQ	32171314
288980	288980	모아데이타	KOSDAQ	34556562
142760	142760	모아라이프플러스	KOSDAQ	40808285
33200	033200	모아텍	KOSDAQ	14331185
333050	333050	모코엠시스	KOSDAQ	24613326
9680	009680	모토닉	KOSPI	28050000
118990	118990	모트렉스	KOSDAQ	24861990
463480	463480	모티브링크	KOSDAQ	12390358
6920	006920	모헨즈	KOSDAQ	10920000
9580	009580	무림P&P	KOSPI	62368324
1810	001810	무림SP	KOSDAQ	22137500
9200	009200	무림페이퍼	KOSPI	41609310
322970	322970	무진메디	KONEX	10051978
33920	033920	무학	KOSPI	28500000
8420	008420	문배철강	KOSPI	20503505
279600	279600	미디어젠	KOSDAQ	4684781
95500	095500	미래나노텍	KOSDAQ	31009999
254490	254490	미래반도체	KOSDAQ	14438000
25560	025560	미래산업	KOSPI	4482654
218150	218150	미래생명자원	KOSDAQ	20415802
7120	007120	미래아이앤지	KOSPI	28878608
396690	396690	미래에셋글로벌리츠	KOSPI	39605940
357250	357250	미래에셋맵스리츠	KOSPI	24995105
100790	100790	미래에셋벤처투자	KOSDAQ	53124634
0097F0	0097F0	미래에셋비전스팩10호	KOSDAQ	6500000
0099W0	0099W0	미래에셋비전스팩11호	KOSDAQ	7000000
477380	477380	미래에셋비전스팩4호	KOSDAQ	8100000
477470	477470	미래에셋비전스팩5호	KOSDAQ	5480000
478440	478440	미래에셋비전스팩6호	KOSDAQ	6930000
482680	482680	미래에셋비전스팩7호	KOSDAQ	8215000
0093G0	0093G0	미래에셋비전스팩8호	KOSDAQ	6400000
0096D0	0096D0	미래에셋비전스팩9호	KOSDAQ	5500000
85620	085620	미래에셋생명	KOSPI	177016189
6800	006800	미래에셋증권	KOSPI	567085734
00680K	00680K	미래에셋증권2우B	KOSPI	136678482
6805	006805	미래에셋증권우	KOSPI	14075750
208890	208890	미래엔에듀파트너	KONEX	4005520
49950	049950	미래컴퍼니	KOSDAQ	8817884
207760	207760	미스터블루	KOSDAQ	83079783
81660	081660	미스토홀딩스	KOSPI	53091840
2840	002840	미원상사	KOSPI	4750000
268280	268280	미원에스씨	KOSPI	5000000
107590	107590	미원홀딩스	KOSPI	2320000
134380	134380	미원화학	KOSPI	2199268
351020	351020	미쥬	KONEX	2075000
3650	003650	미창석유	KOSPI	1739672
59090	059090	미코	KOSDAQ	33416778
201490	201490	미투온	KOSDAQ	32593810
475460	475460	미트박스	KOSDAQ	5613025
452200	452200	민테크	KOSDAQ	23727300
206640	206640	바디텍메드	KOSDAQ	23486560
18700	018700	바른손	KOSDAQ	35119757
35620	035620	바른손이앤에이	KOSDAQ	74439675
354390	354390	바스칸바이오제약	KONEX	7018247
53030	053030	바이넥스	KOSDAQ	32684188
301300	301300	바이브컴퍼니	KOSDAQ	13154712
377740	377740	바이오노트	KOSPI	102056048
64550	064550	바이오니아	KOSDAQ	25810291
314930	314930	바이오다인	KOSDAQ	29764103
489460	489460	바이오비쥬	KOSDAQ	15044430
86820	086820	바이오솔루션	KOSDAQ	24292252
38460	038460	바이오스마트	KOSDAQ	26164438
251120	251120	바이오에프디엔씨	KOSDAQ	8695700
199730	199730	바이오인프라	KOSDAQ	4864367
266470	266470	바이오인프라생명과학	KONEX	27866019
289170	289170	바이오텐	KONEX	3576689
86040	086040	바이오톡스텍	KOSDAQ	15958247
188040	188040	바이오포트	KOSDAQ	4679308
199290	199290	바이오프로테크	KONEX	16325192
99430	099430	바이오플러스	KOSDAQ	61640722
32980	032980	바이온	KOSDAQ	30388995
308080	308080	바이젠셀	KOSDAQ	20499260
43150	043150	바텍	KOSDAQ	14854256
323990	323990	박셀바이오	KOSDAQ	23257345
3610	003610	방림	KOSPI	40202158
267790	267790	배럴	KOSDAQ	7689309
46310	046310	백금T&A	KOSDAQ	16418641
35150	035150	백산	KOSPI	20310153
331520	331520	밸로프	KOSDAQ	50864390
199480	199480	뱅크웨어글로벌	KOSDAQ	10196588
438700	438700	버넥트	KOSDAQ	11144890
66410	066410	버킷스튜디오	KOSDAQ	138453818
2410	002410	범양건영	KOSPI	27479820
382900	382900	범한퓨얼셀	KOSDAQ	8761000
206400	206400	베노티앤알	KOSDAQ	37510158
19010	019010	베뉴지	KOSDAQ	48200000
177350	177350	베셀	KOSDAQ	19653767
457600	457600	벡트	KOSDAQ	13707500
424760	424760	벨로크	KOSDAQ	19778317
7210	007210	벽산	KOSPI	66860000
250000	250000	보라티알	KOSDAQ	6750733
2760	002760	보락	KOSPI	59900000
3850	003850	보령	KOSPI	85787207
310210	310210	보로노이	KOSDAQ	18393521
6910	006910	보성파워텍	KOSDAQ	49129824
890	000890	보해양조	KOSPI	138120129
226340	226340	본느	KOSDAQ	41952420
496320	496320	본시스템즈	KONEX	1000000
206950	206950	볼빅	KONEX	14077265
3000	003000	부광약품	KOSPI	98664671
1270	001270	부국증권	KOSPI	10369886
1275	001275	부국증권우	KOSPI	3000000
26940	026940	부국철강	KOSPI	20000000
14470	014470	부방	KOSDAQ	60052260
11390	011390	부산산업	KOSPI	1056000
5030	005030	부산주공	KOSPI	78782988
8470	008470	부스타	KOSDAQ	8404800
338220	338220	뷰노	KOSDAQ	14001823
100120	100120	뷰웍스	KOSDAQ	9360000
406820	406820	뷰티스킨	KOSDAQ	14136157
99390	099390	브레인즈컴퍼니	KOSDAQ	8208283
64480	064480	브리지텍	KOSDAQ	11952500
365900	365900	브이씨	KOSDAQ	7310300
89970	089970	브이엠	KOSDAQ	24411695
251630	251630	브이원텍	KOSDAQ	15942886
18290	018290	브이티	KOSDAQ	34941838
478560	478560	블랙야크아이앤씨	KOSDAQ	25830298
6740	006740	블루산업개발	KOSPI	56975588
439580	439580	블루엠텍	KOSDAQ	33846547
33560	033560	블루콤	KOSDAQ	17100000
191600	191600	블루탑	KONEX	2858928
369370	369370	블리츠웨이엔터테인먼트	KOSDAQ	49871911
126340	126340	비나텍	KOSDAQ	6733708
121800	121800	비덴트	KOSDAQ	77201611
82800	082800	비보존 제약	KOSDAQ	50104666
318410	318410	비비씨	KOSDAQ	5555243
2070	002070	비비안	KOSPI	45196077
100220	100220	비상교육	KOSPI	12996741
419540	419540	비스토스	KOSDAQ	22992511
146320	146320	비씨엔씨	KOSDAQ	12797923
200780	200780	비씨월드제약	KOSDAQ	9736240
413640	413640	비아이매트릭스	KOSDAQ	7206940
141000	141000	비아트론	KOSDAQ	12114710
90460	090460	비에이치	KOSPI	33711538
83650	083650	비에이치아이	KOSDAQ	30944375
473370	473370	비엔케이제2호스팩	KOSDAQ	4210000
0068Y0	0068Y0	비엔케이제3호스팩	KOSDAQ	4310000
65170	065170	비엘팜텍	KOSDAQ	26683025
86670	086670	비엠티	KOSDAQ	9925885
230980	230980	비유테크놀러지	KOSDAQ	93320557
488900	488900	비츠로넥스텍	KOSDAQ	28976443
82920	082920	비츠로셀	KOSDAQ	45339477
54220	054220	비츠로시스	KOSDAQ	59953081
42370	042370	비츠로테크	KOSDAQ	26200025
50090	050090	비케이홀딩스	KOSDAQ	19784735
148780	148780	비큐AI	KOSDAQ	31445725
307870	307870	비투엔	KOSDAQ	59564511
377030	377030	비트맥스	KOSDAQ	41937104
32850	032850	비트컴퓨터	KOSDAQ	16623293
49470	049470	비트플래닛	KOSDAQ	117724498
238200	238200	비피도	KOSDAQ	8180000
93190	093190	빅솔론	KOSDAQ	19238905
65450	065450	빅텍	KOSDAQ	28652800
44480	044480	빌리언스	KOSDAQ	80663728
5180	005180	빙그레	KOSPI	9555703
69540	069540	빛과전자	KOSDAQ	60990153
72950	072950	빛샘전자	KOSDAQ	8052610
451250	451250	삐아	KOSDAQ	10225877
143240	143240	사람인	KOSDAQ	11709263
466410	466410	사이냅소프트	KOSDAQ	5037023
3960	003960	사조대림	KOSPI	9164467
8040	008040	사조동아원	KOSPI	141144600
7160	007160	사조산업	KOSPI	5000000
14710	014710	사조씨푸드	KOSPI	17218543
6090	006090	사조오양	KOSPI	9422739
223310	223310	사토시홀딩스	KOSDAQ	26023214
452430	452430	사피엔반도체	KOSDAQ	8218046
419120	419120	산돌	KOSDAQ	14718362
62040	062040	산일전기	KOSPI	30545200
122350	122350	삼기	KOSDAQ	38339428
419050	419050	삼기에너지솔루션즈	KOSDAQ	57196240
14970	014970	삼륭물산	KOSDAQ	15125000
18310	018310	삼목에스폼	KOSDAQ	14700000
12210	012210	삼미금속	KOSDAQ	22192012
53700	053700	삼보모터스	KOSDAQ	25225951
9620	009620	삼보산업	KOSDAQ	16386091
23600	023600	삼보판지	KOSDAQ	16008300
1470	001470	삼부토건	KOSPI	229681824
28050	028050	삼성E&A	KOSPI	196000000
448730	448730	삼성FN리츠	KOSPI	91050000
6400	006400	삼성SDI	KOSPI	80585530
6405	006405	삼성SDI우	KOSPI	1617896
6660	006660	삼성공조	KOSPI	8126314
28260	028260	삼성물산	KOSPI	169976544
02826K	02826K	삼성물산우B	KOSPI	1467590
207940	207940	삼성바이오로직스	KOSPI	46290951
32830	032830	삼성생명	KOSPI	200000000
0044K0	0044K0	삼성스팩10호	KOSDAQ	7520000
0071M0	0071M0	삼성스팩11호	KOSDAQ	5760000
0096B0	0096B0	삼성스팩12호	KOSDAQ	6580000
0115H0	0115H0	삼성스팩13호	KOSDAQ	7350000
18260	018260	삼성에스디에스	KOSPI	77377800
0126Z0	0126Z0	삼성에피스홀딩스	KOSPI	24883049
9150	009150	삼성전기	KOSPI	74693696
9155	009155	삼성전기우	KOSPI	2906984
5930	005930	삼성전자	KOSPI	5919637922
5935	005935	삼성전자우	KOSPI	815974664
1360	001360	삼성제약	KOSPI	94162079
10140	010140	삼성중공업	KOSPI	880000000
16360	016360	삼성증권	KOSPI	89300000
68290	068290	삼성출판사	KOSPI	10000000
29780	029780	삼성카드	KOSPI	115858891
810	000810	삼성화재	KOSPI	46011155
815	000815	삼성화재우	KOSPI	3099510
6110	006110	삼아알미늄	KOSPI	14711916
9300	009300	삼아제약	KOSDAQ	6370000
0120G0	0120G0	삼양바이오팜	KOSPI	7435870
145990	145990	삼양사	KOSPI	10313449
145995	145995	삼양사우	KOSPI	370070
3230	003230	삼양식품	KOSPI	7533015
482630	482630	삼양엔씨켐	KOSDAQ	10944140
484590	484590	삼양컴텍	KOSDAQ	41210450
36670	036670	삼양케이씨아이	KOSDAQ	11270000
2170	002170	삼양통상	KOSPI	3000000
272550	272550	삼양패키징	KOSPI	15068406
70	000070	삼양홀딩스	KOSPI	7763191
3720	003720	삼영	KOSPI	34000000
2810	002810	삼영무역	KOSPI	18466948
361670	361670	삼영에스앤씨	KOSDAQ	5667658
54540	054540	삼영엠텍	KOSDAQ	13000000
65570	065570	삼영이엔씨	KOSDAQ	16093838
5680	005680	삼영전자	KOSPI	20000000
23000	023000	삼원강재	KOSPI	40000000
4380	004380	삼익THK	KOSPI	20700000
2450	002450	삼익악기	KOSPI	90530915
14950	014950	삼익제약	KOSDAQ	9196413
32280	032280	삼일	KOSDAQ	16213590
2290	002290	삼일기업공사	KOSDAQ	12400000
4440	004440	삼일씨엔에스	KOSPI	12731947
520	000520	삼일제약	KOSPI	21691811
9770	009770	삼정펄프	KOSPI	2499971
37460	037460	삼지전자	KOSDAQ	16318522
32750	032750	삼진	KOSDAQ	9031122
0013V0	0013V0	삼진식품	KOSDAQ	9918656
54090	054090	삼진엘앤디	KOSDAQ	24959232
5500	005500	삼진제약	KOSPI	13320000
250	000250	삼천당제약	KOSDAQ	23457472
4690	004690	삼천리	KOSPI	4055025
24950	024950	삼천리자전거	KOSDAQ	13273577
38500	038500	삼표시멘트	KOSDAQ	107916306
437730	437730	삼현	KOSDAQ	31707567
17480	017480	삼현철강	KOSDAQ	15702890
10960	010960	삼호개발	KOSPI	24120000
46390	046390	삼화네트웍스	KOSDAQ	43172933
4450	004450	삼화왕관	KOSPI	2154379
9470	009470	삼화전기	KOSPI	6613820
11230	011230	삼화전자	KOSPI	19165785
1820	001820	삼화콘덴서	KOSPI	10395000
390	000390	삼화페인트	KOSPI	27203469
27580	027580	상보	KOSDAQ	59181279
38540	038540	상상인	KOSDAQ	55328313
452670	452670	상상인제4호스팩	KOSDAQ	5220000
1290	001290	상상인증권	KOSPI	108337120
41650	041650	상신브레이크	KOSPI	21471450
91580	091580	상신이디피	KOSDAQ	13328219
263810	263810	상신전자	KOSDAQ	15924825
89980	089980	상아프론테크	KOSDAQ	15989037
42940	042940	상지건설	KOSDAQ	6828712
42600	042600	새로닉스	KOSDAQ	12423574
75180	075180	새론오토모티브	KOSPI	19200000
107600	107600	새빗켐	KOSDAQ	5630054
411080	411080	샌즈랩	KOSDAQ	15267638
252990	252990	샘씨엔에스	KOSDAQ	60217889
7540	007540	샘표	KOSPI	2875800
248170	248170	샘표식품	KOSPI	4568286
378800	378800	샤페론	KOSDAQ	46243031
294630	294630	서남	KOSDAQ	26366319
38070	038070	서린바이오	KOSDAQ	9100676
6730	006730	서부T&D	KOSDAQ	64926923
79650	079650	서산	KOSDAQ	20000000
100660	100660	서암기계공업	KOSDAQ	12600000
7860	007860	서연	KOSPI	23479844
200880	200880	서연이화	KOSPI	27028437
19770	019770	서연탑메탈	KOSDAQ	11650000
17390	017390	서울가스	KOSPI	5000000
43710	043710	서울리거	KOSDAQ	86562510
92190	092190	서울바이오시스	KOSDAQ	45868383
46890	046890	서울반도체	KOSDAQ GLOBAL	58305400
31210	031210	서울보증보험	KOSPI	69821598
4410	004410	서울식품	KOSPI	390175136
4415	004415	서울식품우	KOSPI	2224500
63170	063170	서울옥션	KOSDAQ	17774267
27040	027040	서울전자통신	KOSDAQ	69588847
18680	018680	서울제약	KOSDAQ	11659319
36120	036120	서울평가정보	KOSDAQ	35500000
21050	021050	서원	KOSPI	47474590
93920	093920	서원인텍	KOSDAQ	18600000
189860	189860	서전기전	KOSDAQ	9698780
178320	178320	서진시스템	KOSDAQ	57799703
122690	122690	서진오토모티브	KOSDAQ	23079166
140070	140070	서플러스글로벌	KOSDAQ	36988000
11370	011370	서한	KOSDAQ	100894865
65710	065710	서호전기	KOSDAQ	5150000
8490	008490	서흥	KOSPI	11569113
35890	035890	서희건설	KOSDAQ	229808457
357550	357550	석경에이티	KOSDAQ	5455000
3100	003100	선광	KOSDAQ	6600000
7610	007610	선도전기	KOSPI	18000000
67370	067370	선바이오	KOSDAQ	12193555
217620	217620	선샤인푸드	KOSDAQ	7035087
171090	171090	선익시스템	KOSDAQ	9602955
136490	136490	선진	KOSPI	23779604
86710	086710	선진뷰티사이언스	KOSDAQ	12203280
14620	014620	성광벤드	KOSDAQ	26557364
37350	037350	성도이엔지	KOSDAQ	15210000
14910	014910	성문전자	KOSPI	22460985
14915	014915	성문전자우	KOSPI	600000
4980	004980	성신양회	KOSPI	24516073
4985	004985	성신양회우	KOSPI	735645
11300	011300	성안머티리얼스	KOSPI	155747208
458650	458650	성우	KOSDAQ	15045670
81580	081580	성우전자	KOSDAQ	15508143
45300	045300	성우테크론	KOSDAQ	10347365
15750	015750	성우하이텍	KOSDAQ	80000000
365340	365340	성일하이텍	KOSDAQ	12235446
180	000180	성창기업지주	KOSPI	69751600
80470	080470	성창오토텍	KOSDAQ	7300000
43260	043260	성호전자	KOSDAQ	70922823
148150	148150	세경하이테크	KOSDAQ	35542818
2420	002420	세기상사	KOSPI	5969948
61090	061090	세나테크놀로지	KOSDAQ	5585624
188260	188260	세니젠	KOSDAQ	7228470
53060	053060	세동	KOSDAQ	17657419
340440	340440	세림B&G	KOSDAQ	28378364
17510	017510	세명전기	KOSDAQ	15246000
490470	490470	세미파이브	KOSDAQ	33796266
4360	004360	세방	KOSPI	19115603
4365	004365	세방우	KOSPI	3689250
4490	004490	세방전지	KOSPI	13860000
11560	011560	세보엠이씨	KOSDAQ	10530000
267080	267080	세븐브로이맥주	KONEX	11871408
396300	396300	세아메카닉스	KOSDAQ	26489500
1430	001430	세아베스틸지주	KOSPI	35862119
306200	306200	세아제강	KOSPI	2836300
3030	003030	세아제강지주	KOSPI	4141657
58650	058650	세아홀딩스	KOSPI	4313236
13000	013000	세우글로벌	KOSPI	28705031
100700	100700	세운메디칼	KOSDAQ	43800000
24830	024830	세원물산	KOSDAQ	8350000
21820	021820	세원정공	KOSPI	10000000
67830	067830	세이브존I&C	KOSPI	41040895
258830	258830	세종메디칼	KOSDAQ	65786351
36630	036630	세종텔레콤	KOSDAQ	10000000
39310	039310	세중	KOSDAQ	18121667
75580	075580	세진중공업	KOSPI	56849456
67770	067770	세진티에스	KOSDAQ	8396593
53450	053450	세코닉스	KOSDAQ	14792803
222810	222810	세토피아	KOSDAQ	15131870
252500	252500	세화피앤씨	KOSDAQ	41486390
321370	321370	센서뷰	KOSDAQ	48409865
347000	347000	센코	KOSDAQ	37810846
331920	331920	셀레믹스	KOSDAQ	8164148
352770	352770	셀레스트라	KOSDAQ	2592407
471820	471820	셀로맥스사이언스	KOSDAQ	11581203
49180	049180	셀루메드	KOSDAQ	83200014
299660	299660	셀리드	KOSDAQ	29502977
108860	108860	셀바스AI	KOSDAQ	26914790
208370	208370	셀바스헬스케어	KOSDAQ	25740564
318160	318160	셀바이오휴먼텍	KOSDAQ	9341201
308430	308430	셀비온	KOSDAQ	12831510
68270	068270	셀트리온	KOSPI	231048261
68760	068760	셀트리온제약	KOSDAQ	43681920
68940	068940	셀피글로벌	KOSDAQ	45912716
7720	007720	소노스퀘어	KOSDAQ	100800450
290690	290690	소룩스	KOSDAQ	48754156
950200	950200	소마젠	KOSDAQ	19236053
32680	032680	소프트센	KOSDAQ	105590764
32685	032685	소프트센우	KOSDAQ	357142
258790	258790	소프트캠프	KOSDAQ	24991284
66910	066910	손오공	KOSDAQ	66933164
215090	215090	솔디펜스	KOSDAQ	23155661
336370	336370	솔루스첨단소재	KOSPI	70217344
33637K	33637K	솔루스첨단소재1우	KOSPI	16908766
33637L	33637L	솔루스첨단소재2우B	KOSPI	3778296
248070	248070	솔루엠	KOSPI	47816236
35610	035610	솔본	KOSDAQ	27345997
357780	357780	솔브레인	KOSDAQ GLOBAL	7778566
36830	036830	솔브레인홀딩스	KOSDAQ GLOBAL	20964056
304100	304100	솔트룩스	KOSDAQ	12593855
328380	328380	솔트웨어	KOSDAQ	34262778
4430	004430	송원산업	KOSPI	24000000
86980	086980	쇼박스	KOSDAQ	62638000
17550	017550	수산세보틱스	KOSPI	62399130
50960	050960	수산아이앤티	KOSDAQ	6751000
126720	126720	수산인더스트리	KOSPI	14286000
84180	084180	수성웹툰	KOSDAQ	18074283
253840	253840	수젠텍	KOSDAQ	16743200
185190	185190	수프로	KONEX	9238625
298830	298830	슈어소프트테크	KOSDAQ	53458499
236200	236200	슈프리마	KOSDAQ	7257273
94840	094840	슈프리마에이치큐	KOSDAQ	10471840
192440	192440	슈피겐코리아	KOSDAQ	6216363
424960	424960	스마트레이더시스템	KOSDAQ	16485110
99440	099440	스맥	KOSDAQ	68243394
53210	053210	스카이라이프	KOSPI	47522955
276040	276040	스코넥	KOSDAQ	21630335
204210	204210	스타에스엠리츠	KOSPI	7826815
60240	060240	스타코링크	KOSDAQ	5821060
115570	115570	스타플렉스	KOSDAQ	7984508
78860	078860	스테이지원엔터	KOSDAQ	59362257
330730	330730	스톤브릿지벤처스	KOSDAQ	18217830
352090	352090	스톰테크	KOSDAQ	26872998
253450	253450	스튜디오드래곤	KOSDAQ GLOBAL	30058498
408900	408900	스튜디오미르	KOSDAQ	32752929
204630	204630	스튜디오산타클로스	KOSDAQ	5089941
415380	415380	스튜디오삼익	KOSDAQ	11442975
26890	026890	스틱인베스트먼트	KOSPI	41678175
13810	013810	스페코	KOSDAQ	14655470
347700	347700	스피어	KOSDAQ	47186524
49830	049830	승일	KOSDAQ	6132112
20710	020710	시공테크	KOSDAQ	20047970
33170	033170	시그네틱스	KOSDAQ	85728319
48870	048870	시너지이노베이션	KOSDAQ	88106963
25320	025320	시노펙스	KOSDAQ	92154503
134790	134790	시디즈	KOSPI	2000000
340810	340810	시선AI	KOSDAQ	12956082
269620	269620	시스웍	KOSDAQ	148582691
56090	056090	시지메드텍	KOSDAQ	103259036
429270	429270	시지트로닉스	KOSDAQ	6449231
418250	418250	시큐레터	KOSDAQ	7271605
131090	131090	시큐브	KOSDAQ	8000000
462870	462870	시프트업	KOSPI	58961440
16590	016590	신대양제지	KOSPI	40297820
290520	290520	신도기연	KOSDAQ	15929362
29530	029530	신도리코	KOSPI	10080029
4970	004970	신라교역	KOSPI	16000000
1000	001000	신라섬유	KOSDAQ	24277540
25870	025870	신라에스지	KOSDAQ	4000000
215600	215600	신라젠	KOSDAQ	138129836
65350	065350	신성델타테크	KOSDAQ	27483948
416180	416180	신성에스티	KOSDAQ	9039778
11930	011930	신성이엔지	KOSPI	205848151
4170	004170	신세계	KOSPI	9645181
35510	035510	신세계 I&C	KOSPI	13980900
31430	031430	신세계인터내셔날	KOSPI	35343000
31440	031440	신세계푸드	KOSPI	3872480
6880	006880	신송홀딩스	KOSPI	11828858
162300	162300	신스틸	KOSDAQ	41471382
290560	290560	신시웨이	KOSDAQ	3727122
2800	002800	신신제약	KOSDAQ	15170500
472220	472220	신영스팩10호	KOSDAQ	4690000
0091W0	0091W0	신영스팩11호	KOSDAQ	6068000
5800	005800	신영와코루	KOSPI	9000000
1720	001720	신영증권	KOSPI	16440000
9270	009270	신원	KOSPI	114770393
17000	017000	신원종합개발	KOSDAQ	11668027
2700	002700	신일전자	KOSPI	71047521
12790	012790	신일제약	KOSDAQ	11986415
138070	138070	신진에스엠	KOSDAQ	17503204
226330	226330	신테카바이오	KOSDAQ	24258475
2870	002870	신풍	KOSPI	34958700
19170	019170	신풍제약	KOSPI	52984990
19175	019175	신풍제약우	KOSPI	2200000
481850	481850	신한글로벌액티브리츠	KOSPI	43477664
404990	404990	신한서부티엔디리츠	KOSPI	59104308
293940	293940	신한알파리츠	KOSPI	120940123
452980	452980	신한제11호스팩	KOSDAQ	18905000
474660	474660	신한제12호스팩	KOSDAQ	5520000
474930	474930	신한제13호스팩	KOSDAQ	3620000
487360	487360	신한제14호스팩	KOSDAQ	5640000
487830	487830	신한제15호스팩	KOSDAQ	4350000
496070	496070	신한제16호스팩	KOSDAQ	5620000
55550	055550	신한지주	KOSPI	485494934
56700	056700	신화인터텍	KOSDAQ	29135091
187270	187270	신화콘텍	KOSDAQ	10143845
4080	004080	신흥	KOSPI	9500000
243840	243840	신흥에스이씨	KOSDAQ	38558235
257720	257720	실리콘투	KOSDAQ	61171908
222800	222800	심텍	KOSDAQ GLOBAL	37342218
36710	036710	심텍홀딩스	KOSDAQ	52827754
444530	444530	심플랫폼	KOSDAQ	6397223
234030	234030	싸이닉솔루션	KOSDAQ	23605000
160980	160980	싸이맥스	KOSDAQ	10924243
356890	356890	싸이버원	KOSDAQ	11953825
217330	217330	싸이토젠	KOSDAQ	23129547
4770	004770	써니전자	KOSPI	35507438
217320	217320	썬테크	KONEX	1050000
208640	208640	썸에이지	KOSDAQ	139240254
222420	222420	쎄노텍	KOSDAQ	48291280
37760	037760	쎄니트	KOSDAQ	33832921
81180	081180	쎄크	KOSDAQ	8825535
99320	099320	쎄트렉아이	KOSDAQ	10951278
49960	049960	쎌바이오텍	KOSDAQ	9400000
88280	088280	쏘닉스	KOSDAQ	17306490
403550	403550	쏘카	KOSPI	32841902
50890	050890	쏠리드	KOSDAQ	60756534
394800	394800	쓰리빌리언	KOSDAQ	31761476
177900	177900	쓰리에이로직스	KOSDAQ	9584800
475400	475400	씨메스	KOSDAQ	11756062
109670	109670	씨싸이트	KOSDAQ	5836602
66790	066790	씨씨에스	KOSDAQ	65152039
222080	222080	씨아이에스	KOSDAQ GLOBAL	77371839
4920	004920	씨아이테크	KOSPI	52179872
236030	236030	씨알푸드	KONEX	2033332
103660	103660	씨앗	KONEX	6017471
352480	352480	씨앤씨인터내셔널	KOSDAQ	13629901
245450	245450	씨앤에스링크	KONEX	1579960
264660	264660	씨앤지하이테크	KOSDAQ	9721172
352700	352700	씨앤투스	KOSDAQ	26276899
458870	458870	씨어스테크놀로지	KOSDAQ	12665880
297090	297090	씨에스베어링	KOSDAQ	27270000
112610	112610	씨에스윈드	KOSPI	42171403
900120	900120	씨엑스아이	KOSDAQ	30057784
359090	359090	씨엔알리서치	KOSDAQ	57470717
115530	115530	씨엔플러스	KOSDAQ	67963000
388210	388210	씨엠티엑스	KOSDAQ	9514938
115480	115480	씨유메디칼	KOSDAQ	60624558
376290	376290	씨유테크	KOSDAQ	17657500
189330	189330	씨이랩	KOSDAQ	9382284
96530	096530	씨젠	KOSDAQ	52225994
480370	480370	씨케이솔루션	KOSPI	10934861
101240	101240	씨큐브	KOSDAQ	10861390
60590	060590	씨티씨바이오	KOSDAQ	24181020
308170	308170	씨티알모빌리티	KOSPI	8610000
260930	260930	씨티케이	KOSDAQ	19341591
413630	413630	씨피시스템	KOSDAQ	36436626
13990	013990	아가방컴퍼니	KOSDAQ	32887536
123860	123860	아나패스	KOSDAQ	12123415
25980	025980	아난티	KOSDAQ	94699536
8700	008700	아남전자	KOSPI	77124820
0015N0	0015N0	아로마티카	KOSDAQ	12715050
125210	125210	아모그린텍	KOSDAQ	16496790
90430	090430	아모레퍼시픽	KOSPI	58492759
90435	090435	아모레퍼시픽우	KOSPI	10557830
2790	002790	아모레퍼시픽홀딩스	KOSPI	79458180
00279K	00279K	아모레퍼시픽홀딩스3우C	KOSPI	7092200
2795	002795	아모레퍼시픽홀딩스우	KOSPI	6443770
357580	357580	아모센스	KOSDAQ	11654396
52710	052710	아모텍	KOSDAQ	14615109
74430	074430	아미노로직스	KOSDAQ	87826844
92040	092040	아미코젠	KOSDAQ	55730013
83930	083930	아바코	KOSDAQ	14677249
149950	149950	아바텍	KOSDAQ	13667703
36010	036010	아비코전자	KOSDAQ	13292934
2030	002030	아세아	KOSPI	2072646
183190	183190	아세아시멘트	KOSPI	36927658
2310	002310	아세아제지	KOSPI	40482510
50860	050860	아세아텍	KOSDAQ	22500000
12170	012170	아센디오	KOSPI	19393296
136410	136410	아셈스	KOSDAQ	11019106
246720	246720	아스타	KOSDAQ	15181300
450950	450950	아스테라시스	KOSDAQ	37507092
67390	067390	아스트	KOSDAQ	403157579
159010	159010	아스플로	KOSDAQ	13334739
127710	127710	아시아경제	KOSDAQ	34904082
267850	267850	아시아나IDT	KOSPI	11100000
20560	020560	아시아나항공	KOSPI	205990711
154030	154030	아시아종묘	KOSDAQ	12061867
227610	227610	아우딘퓨쳐스	KOSDAQ	38047246
331740	331740	아우토크립트	KOSDAQ	9718491
143160	143160	아이디스	KOSDAQ	10716390
54800	054800	아이디스홀딩스	KOSDAQ	10347756
332370	332370	아이디피	KOSDAQ	13273726
66430	066430	아이로보틱스	KOSDAQ	39153476
122900	122900	아이마켓코리아	KOSPI	33428840
339950	339950	아이비김영	KOSDAQ	44946655
469750	469750	아이비젼웍스	KOSDAQ	34456481
460470	460470	아이빔테크놀로지	KOSDAQ	15119370
99190	099190	아이센스	KOSDAQ	27607926
461300	461300	아이스크림미디어	KOSDAQ	13302433
289010	289010	아이스크림에듀	KOSDAQ	13945256
214430	214430	아이쓰리시스템	KOSDAQ	7307215
40910	040910	아이씨디	KOSDAQ	18574275
368600	368600	아이씨에이치	KOSDAQ	17538346
456010	456010	아이씨티케이	KOSDAQ	13901854
52860	052860	아이앤씨	KOSDAQ	17862854
464500	464500	아이언디바이스	KOSDAQ	13963263
10780	010780	아이에스동서	KOSPI	30186976
212710	212710	아이에스티이	KOSDAQ	9622978
38880	038880	아이에이	KOSDAQ	375721175
307180	307180	아이엘	KOSDAQ	33512537
403810	403810	아이엘로보틱스	KONEX	9627337
101390	101390	아이엠	KOSDAQ	13914354
461030	461030	아이엠비디엑스	KOSDAQ	14017750
456570	456570	아이엠지티	KONEX	5256229
451220	451220	아이엠티	KOSDAQ	7874611
447690	447690	아이오바이오	KONEX	2630256
90150	090150	아이윈	KOSDAQ	41875293
123010	123010	아이윈플러스	KOSDAQ	32658542
31310	031310	아이즈비전	KOSDAQ	26355043
462980	462980	아이지넷	KOSDAQ	18234437
185490	185490	아이진	KOSDAQ	43229784
59100	059100	아이컴포넌트	KOSDAQ	7070860
149010	149010	아이케이세미콘	KONEX	3120000
262840	262840	아이퀘스트	KOSDAQ	21133905
175250	175250	아이큐어	KOSDAQ	37558368
52460	052460	아이크래프트	KOSDAQ	14607936
119830	119830	아이텍	KOSDAQ	23694302
52770	052770	아이톡시	KOSDAQ	14568774
124500	124500	아이티센글로벌	KOSDAQ	23204527
31820	031820	아이티센씨티에스	KOSPI	121051466
10280	010280	아이티센엔텍	KOSDAQ	65123786
243870	243870	아이티센코어	KONEX	2892631
232830	232830	아이티센피엔에스	KOSDAQ	16533726
372800	372800	아이티아이즈	KOSDAQ	7037189
84850	084850	아이티엠반도체	KOSDAQ GLOBAL	22682934
309710	309710	아이티켐	KOSDAQ	12783001
114840	114840	아이패밀리에스씨	KOSDAQ	17319900
27360	027360	아주IB투자	KOSDAQ	121145406
139990	139990	아주스틸	KOSPI	38755414
32080	032080	아즈텍WB	KOSDAQ	21491029
13310	013310	아진산업	KOSDAQ	38806582
59120	059120	아진엑스텍	KOSDAQ	18310066
9320	009320	아진전자부품	KOSPI	49299770
0007C0	0007C0	아크릴	KOSDAQ	8030324
203690	203690	아크솔루션스	KOSDAQ	20157320
158430	158430	아톤	KOSDAQ	24482092
200350	200350	아티스트스튜디오	KOSDAQ	9996025
321820	321820	아티스트컴퍼니	KOSDAQ	15591376
149300	149300	아퓨어스	KONEX	45486252
102950	102950	아하	KONEX	13121903
1540	001540	안국약품	KOSDAQ	13042420
53800	053800	안랩	KOSDAQ	11126506
251280	251280	안지오랩	KONEX	3491870
65660	065660	안트로젠	KOSDAQ	10006100
297570	297570	알로이스	KOSDAQ	34621218
1780	001780	알루코	KOSPI	96830132
260660	260660	알리코제약	KOSDAQ	15327021
354320	354320	알멕	KOSDAQ	6391381
361570	361570	알비더블유	KOSDAQ	28743291
131370	131370	알서포트	KOSDAQ	53267083
140670	140670	알에스오토메이션	KOSDAQ	12839840
96610	096610	알에프세미	KOSDAQ	17386411
61040	061040	알에프텍	KOSDAQ	32089259
148250	148250	알엔투테크놀로지	KOSDAQ	9446672
476830	476830	알지노믹스	KOSDAQ	13933842
347860	347860	알체라	KOSDAQ	38710961
196170	196170	알테오젠	KOSDAQ GLOBAL	53505788
123750	123750	알톤	KOSDAQ	12746297
459550	459550	알트	KOSDAQ	25067769
85810	085810	알티캐스트	KOSDAQ	62286773
43100	043100	알파AI	KOSDAQ	20110080
117670	117670	알파칩스	KOSDAQ	6661742
314140	314140	알피바이오	KOSDAQ	8666361
291650	291650	압타머사이언스	KOSDAQ	40257092
293780	293780	압타바이오	KOSDAQ	28093405
18250	018250	애경산업	KOSPI	26409935
161000	161000	애경케미칼	KOSPI	48648709
390110	390110	애니메디솔루션	KONEX	9157047
310200	310200	애니플러스	KOSDAQ	52162836
179530	179530	애드바이오텍	KOSDAQ	19679630
397810	397810	애드포러스	KOSDAQ	5160770
900100	900100	애머릿지	KOSDAQ	46037292
52790	052790	액토즈소프트	KOSDAQ	11330638
290740	290740	액트로	KOSDAQ	10065011
238090	238090	앤디포스	KOSDAQ	23541303
138360	138360	앤로보틱스	KOSDAQ	76991722
92600	092600	앤씨앤	KOSDAQ	25083517
129890	129890	앱코	KOSDAQ	45545602
174900	174900	앱클론	KOSDAQ	19925510
109960	109960	앱토크롬	KOSDAQ	220789269
270520	270520	앱튼	KOSDAQ	196589147
255440	255440	야스	KOSDAQ	13058000
30960	030960	양지사	KOSDAQ	15980000
102120	102120	어보브반도체	KOSDAQ	17780753
238120	238120	얼라인드	KOSDAQ	14378896
224810	224810	엄지하우스	KONEX	4200000
19990	019990	에너토크	KOSDAQ	9756088
11090	011090	에넥스	KOSPI	59991641
435570	435570	에르코스	KOSDAQ	7616983
270660	270660	에브리봇	KOSDAQ	12690583
38680	038680	에스넷	KOSDAQ	19912642
137310	137310	에스디바이오센서	KOSPI	121749102
217480	217480	에스디생명공학	KOSDAQ	109733141
121890	121890	에스디시스템	KOSDAQ	13291446
304360	304360	에스바이오메딕스	KOSDAQ	12385128
389500	389500	에스비비테크	KOSDAQ	6333904
42110	042110	에스씨디	KOSDAQ	48329564
298060	298060	에스씨엠생명과학	KOSDAQ	44203176
65420	065420	에스아이리소스	KOSDAQ	71577299
270210	270210	에스알바이오텍	KONEX	1664453
103230	103230	에스앤더블류	KOSDAQ	7200000
260970	260970	에스앤디	KOSDAQ	2892754
101490	101490	에스앤에스텍	KOSDAQ	21334879
95910	095910	에스에너지	KOSDAQ	22902821
275630	275630	에스에스알	KOSDAQ	6017989
31330	031330	에스에이엠티	KOSDAQ	99995067
60540	060540	에스에이티	KOSDAQ	26133306
56190	056190	에스에프에이	KOSDAQ GLOBAL	35908760
0008Z0	0008Z0	에스엔시스	KOSDAQ	9436564
5850	005850	에스엘	KOSPI	46448520
246250	246250	에스엘에스바이오	KOSDAQ	15348206
41510	041510	에스엠	KOSDAQ GLOBAL	22894690
10580	010580	에스엠벡셀	KOSPI	111251760
460870	460870	에스엠씨지	KOSDAQ	19948304
7820	007820	에스엠코어	KOSDAQ	20033946
464080	464080	에스오에스랩	KOSDAQ	17797035
109610	109610	에스와이	KOSDAQ	48907400
365330	365330	에스와이스틸텍	KOSDAQ	50171000
12750	012750	에스원	KOSPI	37999178
306040	306040	에스제이그룹	KOSDAQ	9865828
217910	217910	에스제이켐	KONEX	13990522
398120	398120	에스지헬스케어	KOSDAQ	11818511
457940	457940	에스케이증권제10호스팩	KOSDAQ	3310000
472230	472230	에스케이증권제11호스팩	KOSDAQ	4155000
473000	473000	에스케이증권제12호스팩	KOSDAQ	3310000
473950	473950	에스케이증권제13호스팩	KOSDAQ	4420000
455910	455910	에스케이증권제9호스팩	KOSDAQ	5020000
475660	475660	에스켐	KOSDAQ	7929835
96630	096630	에스코넥	KOSDAQ	79381616
69510	069510	에스텍	KOSDAQ	10910000
488280	488280	에스투더블유	KOSDAQ	10659263
234300	234300	에스트래픽	KOSDAQ	27207780
39440	039440	에스티아이	KOSDAQ	15507047
98660	098660	에스티오	KOSDAQ	12500976
52020	052020	에스티큐브	KOSDAQ	67983291
237690	237690	에스티팜	KOSDAQ GLOBAL	20769167
50760	050760	에스폴리텍	KOSDAQ	16334678
288620	288620	에스퓨얼셀	KOSDAQ	6979316
443670	443670	에스피소프트	KOSDAQ	24741392
317830	317830	에스피시스템스	KOSDAQ	10773818
58610	058610	에스피지	KOSDAQ	22177360
43340	043340	에쎈테크	KOSDAQ	95000000
23960	023960	에쓰씨엔지니어링	KOSPI	38035975
163280	163280	에어레인	KOSDAQ	6801539
298690	298690	에어부산	KOSPI	116640000
200710	200710	에이디테크놀로지	KOSDAQ	13440822
475580	475580	에이럭스	KOSDAQ	13624900
96690	096690	에이루트	KOSDAQ	24137053
140910	140910	에이리츠	KOSPI	4463032
78520	078520	에이블씨엔씨	KOSPI	26014161
298380	298380	에이비엘바이오	KOSDAQ	55297718
203400	203400	에이비온	KOSDAQ	90101304
195990	195990	에이비프로바이오	KOSDAQ	284689721
3800	003800	에이스침대	KOSDAQ	11090000
88800	088800	에이스테크	KOSDAQ	75506434
241840	241840	에이스토리	KOSDAQ	9539994
364950	364950	에이아이코리아	KOSDAQ	8296445
453860	453860	에이에스텍	KOSDAQ	6444423
312610	312610	에이에프더블류	KOSDAQ	20256888
15260	015260	에이엔피	KOSPI	45116894
172670	172670	에이엘티	KOSDAQ	8960259
234070	234070	에이원알폼	KONEX	6960703
481070	481070	에이유브랜즈	KOSDAQ	14160000
60900	060900	에이전트AI	KOSDAQ	79821468
445090	445090	에이직랜드	KOSDAQ	10925658
295310	295310	에이치브이엠	KOSDAQ	11901931
72990	072990	에이치시티	KOSDAQ	14406206
44990	044990	에이치엔에스하이텍	KOSDAQ	7685425
239610	239610	에이치엘사이언스	KOSDAQ	5392115
36170	036170	에이치엠넥스	KOSDAQ	61365626
462020	462020	에이치엠씨제6호스팩	KOSDAQ	4345000
477340	477340	에이치엠씨제7호스팩	KOSDAQ	7510000
148930	148930	에이치와이티씨	KOSDAQ	10175213
44780	044780	에이치케이	KOSDAQ	18505787
357230	357230	에이치피오	KOSDAQ	41293476
355690	355690	에이텀	KOSDAQ	5404980
71670	071670	에이테크솔루션	KOSDAQ	10000000
45660	045660	에이텍	KOSDAQ	8260000
224110	224110	에이텍모빌리티	KOSDAQ	5340000
21080	021080	에이티넘인베스트	KOSDAQ	48000000
200470	200470	에이팩트	KOSDAQ	42362093
207490	207490	에이펙스인텍	KONEX	3600000
262260	262260	에이프로	KOSDAQ	14468152
7460	007460	에이프로젠	KOSPI	329305030
3060	003060	에이프로젠바이오로직스	KOSPI	198407845
397030	397030	에이프릴바이오	KOSDAQ	23342626
244920	244920	에이플러스에셋	KOSPI	22607693
278470	278470	에이피알	KOSPI	37430655
0009K0	0009K0	에임드바이오	KOSDAQ	64671161
230240	230240	에치에프알	KOSDAQ	13309000
159910	159910	에코글로우	KOSDAQ	52335485
230360	230360	에코마케팅	KOSDAQ	30998758
38870	038870	에코바이오	KOSDAQ	14014949
97780	097780	에코볼트	KOSDAQ	67730338
448280	448280	에코아이	KOSDAQ	29631129
101360	101360	에코앤드림	KOSDAQ	17786114
128540	128540	에코캡	KOSDAQ	26690460
86520	086520	에코프로	KOSDAQ GLOBAL	135776152
450080	450080	에코프로머티	KOSPI	70558754
247540	247540	에코프로비엠	KOSDAQ GLOBAL	97801344
383310	383310	에코프로에이치엔	KOSDAQ	20974932
38110	038110	에코플라스틱	KOSDAQ	41169370
73540	073540	에프알텍	KOSDAQ	11400000
64850	064850	에프앤가이드	KOSDAQ	11410332
36810	036810	에프에스티	KOSDAQ	21956348
173940	173940	에프엔씨엔터	KOSDAQ	15392808
83500	083500	에프엔에스테크	KOSDAQ	8575722
446440	446440	에피바이오텍	KONEX	2306879
54940	054940	엑사이엔씨	KOSDAQ	33173548
950130	950130	엑세스바이오	KOSDAQ	37727832
373110	373110	엑셀세라퓨틱스	KOSDAQ	17294394
205100	205100	엑셈	KOSDAQ	71462308
356680	356680	엑스게이트	KOSDAQ	28543492
70300	070300	엑스큐어	KOSDAQ	23307078
317770	317770	엑스페릭스	KOSDAQ	33275181
373200	373200	엑스플러스	KOSDAQ	110005336
69920	069920	엑시온그룹	KOSDAQ	46482609
92870	092870	엑시콘	KOSDAQ	13050797
19490	019490	엑시큐어하이트론	KOSPI	76432270
59180	059180	엔더블유시	KONEX	5314090
317870	317870	엔바이오니아	KOSDAQ	8546519
67570	067570	엔브이에이치코리아	KOSDAQ	42170000
0004V0	0004V0	엔비알모션	KOSDAQ	10404468
236810	236810	엔비티	KOSDAQ	16975426
140610	140610	엔솔바이오사이언스	KONEX	13421367
333620	333620	엔시스	KOSDAQ	10556344
101400	101400	엔시트론	KOSDAQ	70450730
36570	036570	엔씨소프트	KOSPI	21544022
475230	475230	엔알비	KOSDAQ	10509839
238170	238170	엔에스엠	KONEX	20774684
224760	224760	엔에스컴퍼니	KONEX	3939700
451700	451700	엔에이치스팩29호	KOSDAQ	14350000
466910	466910	엔에이치스팩30호	KOSDAQ	9100000
481890	481890	엔에이치스팩31호	KOSDAQ	6345000
0054V0	0054V0	엔에이치스팩32호	KOSDAQ	6216500
265740	265740	엔에프씨	KOSDAQ	17863600
354200	354200	엔젠바이오	KOSDAQ	25537234
455900	455900	엔젤로보틱스	KOSDAQ	15218053
419080	419080	엔젯	KOSDAQ	10685137
93510	093510	엔지브이아이	KONEX	6020000
183490	183490	엔지켐생명과학	KOSDAQ	85065562
85310	085310	엔케이	KOSPI	78880322
182400	182400	엔케이맥스	KOSDAQ	71378535
348370	348370	엔켐	KOSDAQ	21850138
69410	069410	엔텔스	KOSDAQ	10244824
227950	227950	엔투텍	KOSDAQ	172541047
291230	291230	엔피	KOSDAQ	44095775
48830	048830	엔피케이	KOSDAQ	18723923
96870	096870	엘디티	KOSDAQ	8347999
276240	276240	엘리비젼	KONEX	12313138
900140	900140	엘브이엠씨홀딩스	KOSPI	193240432
290650	290650	엘앤씨바이오	KOSDAQ	24842063
66970	066970	엘앤에프	KOSPI	40239734
156100	156100	엘앤케이바이오	KOSDAQ	22173433
0041J0	0041J0	엘에스스팩1호	KOSDAQ	4110000
311060	311060	엘에이티	KONEX	7827134
73110	073110	엘엠에스	KOSDAQ	8895755
83310	083310	엘오티베큠	KOSDAQ	17810033
37950	037950	엘컴텍	KOSDAQ	84447519
489500	489500	엘케이켐	KOSDAQ	6278056
170920	170920	엘티씨	KOSDAQ	10564126
58630	058630	엠게임	KOSDAQ	19202574
226590	226590	엠디바이스	KOSDAQ	10630784
58970	058970	엠로	KOSDAQ	12360904
169330	169330	엠브레인	KOSDAQ	18316918
97520	097520	엠씨넥스	KOSPI	17401500
373170	373170	엠아이큐브솔루션	KOSDAQ	5037930
179290	179290	엠아이텍	KOSDAQ	32365678
484870	484870	엠앤씨솔루션	KOSPI	9153900
9780	009780	엠에스씨	KOSDAQ	17600000
123040	123040	엠에스오토텍	KOSDAQ	62628299
432980	432980	엠에프씨	KOSDAQ	8591742
413390	413390	엠오티	KOSDAQ	11580180
32790	032790	엠젠솔루션	KOSDAQ	51360212
33160	033160	엠케이전자	KOSDAQ	22723288
347890	347890	엠투아이	KOSDAQ	16913204
33310	033310	엠투엔	KOSDAQ	40342231
259630	259630	엠플러스	KOSDAQ	12190656
105550	105550	엣지파운드리	KOSDAQ	78307051
60850	060850	영림원소프트랩	KOSDAQ	8131000
14440	014440	영보화학	KOSPI	20000000
143540	143540	영우디에스피	KOSDAQ	44599895
111770	111770	영원무역	KOSPI	44311468
9970	009970	영원무역홀딩스	KOSPI	13499237
3520	003520	영진약품	KOSPI	182892731
670	000670	영풍	KOSPI	18077950
12280	012280	영화금속	KOSPI	51664505
265560	265560	영화테크	KOSDAQ	10690180
12160	012160	영흥	KOSPI	101310372
36000	036000	예림당	KOSDAQ	23034277
250930	250930	예선테크	KOSDAQ	33000440
53280	053280	예스24	KOSDAQ	25000000
122640	122640	예스티	KOSDAQ	21349821
476040	476040	오가노이드사이언스	KOSDAQ	6585760
900300	900300	오가닉티코스메틱	KOSDAQ	251004876
212310	212310	오건에코텍	KONEX	11555874
45060	045060	오공	KOSDAQ	16941974
192410	192410	오늘이엔엠	KOSDAQ	46661573
80520	080520	오디텍	KOSDAQ	11322417
7310	007310	오뚜기	KOSPI	4007830
39830	039830	오로라	KOSDAQ	10762890
322310	322310	오로스테크놀로지	KOSDAQ	9366542
46120	046120	오르비텍	KOSDAQ	27703684
475830	475830	오름테라퓨틱	KOSDAQ	21232368
14940	014940	오리엔탈정공	KOSDAQ	45573661
2630	002630	오리엔트바이오	KOSPI	118583005
65500	065500	오리엔트정공	KOSDAQ	31742912
271560	271560	오리온	KOSPI	39536132
1800	001800	오리온홀딩스	KOSPI	62645422
10470	010470	오리콤	KOSDAQ	11975050
417860	417860	오브젠	KOSDAQ	4696906
352910	352910	오비고	KOSDAQ	12637802
53980	053980	오상자이엘	KOSDAQ	18982783
36220	036220	오상헬스케어	KOSDAQ	14509416
52420	052420	오성첨단소재	KOSDAQ	94425682
332190	332190	오션스바이오	KONEX	1477839
52300	052300	오션인더블유	KOSDAQ	16865143
39200	039200	오스코텍	KOSDAQ	38258176
226400	226400	오스테오닉	KOSDAQ	20661601
31510	031510	오스템	KOSDAQ	28000000
342870	342870	오아	KOSDAQ	6248114
368970	368970	오에스피	KOSDAQ	9346160
138080	138080	오이솔루션	KOSDAQ	11983360
80580	080580	오킨스전자	KOSDAQ	20581176
67170	067170	오텍	KOSDAQ	23891605
353590	353590	오토앤	KOSDAQ	12875570
173130	173130	오파스넷	KOSDAQ	13046473
440320	440320	오픈놀	KOSDAQ	9830000
49480	049480	오픈베이스	KOSDAQ	31422383
394280	394280	오픈엣지테크놀로지	KOSDAQ	26276655
476060	476060	온코닉테라퓨틱스	KOSDAQ	44887840
382150	382150	온코크로스	KOSDAQ	12111957
5320	005320	온타이드	KOSPI	68375690
244460	244460	올리패스	KOSDAQ	8117505
226950	226950	올릭스	KOSDAQ	20189883
57540	057540	옴니시스템	KOSDAQ	59449355
131030	131030	옵투스제약	KOSDAQ	17646590
82210	082210	옵트론텍	KOSDAQ	33192374
109080	109080	옵티시스	KOSDAQ	5636000
380540	380540	옵티코어	KOSDAQ	48793167
153710	153710	옵티팜	KOSDAQ	14669958
432430	432430	와이랩	KOSDAQ	16508320
338840	338840	와이바이오로직스	KOSDAQ	15178081
122990	122990	와이솔	KOSDAQ	26639081
232140	232140	와이씨	KOSDAQ	82045350
112290	112290	와이씨켐	KOSDAQ	10110545
65530	065530	와이어블	KOSDAQ	47838759
67900	067900	와이엔텍	KOSDAQ	18199659
7530	007530	와이엠	KOSDAQ	22254231
155650	155650	와이엠씨	KOSDAQ	19474358
273640	273640	와이엠텍	KOSDAQ	10966000
251370	251370	와이엠티	KOSDAQ	17624010
209640	209640	와이제이링크	KOSDAQ	28443146
96250	096250	와이즈넛	KOSDAQ	13096536
273060	273060	와이즈버즈	KOSDAQ	50459582
19210	019210	와이지-원	KOSDAQ	33573819
122870	122870	와이지엔터테인먼트	KOSDAQ	18691049
11690	011690	와이투솔루션	KOSPI	36674394
79000	079000	와토스코리아	KOSDAQ	7200000
403490	403490	우듬지팜	KOSDAQ	45932464
316140	316140	우리금융지주	KOSPI	734076320
32820	032820	우리기술	KOSDAQ	166773554
41190	041190	우리기술투자	KOSDAQ	84000000
115440	115440	우리넷	KOSDAQ	10794292
46970	046970	우리로	KOSDAQ	43824999
82850	082850	우리바이오	KOSDAQ	48456578
215360	215360	우리산업	KOSDAQ	9132163
72470	072470	우리산업홀딩스	KOSDAQ	18887341
73560	073560	우리손에프앤지	KOSDAQ	69237643
37400	037400	우리엔터프라이즈	KOSDAQ	26223346
153490	153490	우리이앤엘	KOSDAQ	51480000
101170	101170	우림피티에스	KOSDAQ	13500000
6980	006980	우성	KOSPI	3090000
66590	066590	우수AMS	KOSDAQ	38677937
17370	017370	우신시스템	KOSPI	18314054
103840	103840	우양	KOSDAQ	16366428
101970	101970	우양에이치씨	KOSDAQ	14790009
46940	046940	우원개발	KOSDAQ	18074350
215380	215380	우정바이오	KOSDAQ	16829576
65680	065680	우주일렉트로	KOSDAQ	9240471
105840	105840	우진	KOSPI	20197670
18620	018620	우진비앤지	KOSDAQ	28889293
10400	010400	우진아이엔에스	KOSPI	7622000
457550	457550	우진엔텍	KOSDAQ	9318958
49800	049800	우진플라임	KOSPI	20000000
16880	016880	웅진	KOSPI	79927080
95720	095720	웅진씽크빅	KOSPI	115505985
396470	396470	워트	KOSDAQ	16120000
5820	005820	원림	KOSPI	2297970
307280	307280	원바이오젠	KOSDAQ	7094627
32940	032940	원익	KOSDAQ	18193230
240810	240810	원익IPS	KOSDAQ GLOBAL	49083901
74600	074600	원익QnC	KOSDAQ GLOBAL	26288000
104830	104830	원익머트리얼즈	KOSDAQ	12608000
14190	014190	원익큐브	KOSDAQ	35399906
217820	217820	원익피앤이	KOSDAQ	47454559
30530	030530	원익홀딩스	KOSDAQ	77237981
12620	012620	원일특강	KOSDAQ	4400000
136150	136150	원일티엔아이	KOSDAQ	8381030
382840	382840	원준	KOSDAQ	15271581
336570	336570	원텍	KOSDAQ	89968897
376980	376980	원티드랩	KOSDAQ	9766394
122830	122830	원포유	KONEX	32751985
8370	008370	원풍	KOSDAQ	12000000
8290	008290	원풍물산	KOSDAQ	40693679
101160	101160	월덱스	KOSDAQ	16510993
336060	336060	웨이버스	KOSDAQ	48155200
95270	095270	웨이브일렉트로	KOSDAQ	14372406
289930	289930	웨이비스	KOSDAQ	12519593
65950	065950	웰크론	KOSDAQ	28231302
76080	076080	웰크론한텍	KOSDAQ	22594156
43590	043590	웰킵스하이텍	KOSDAQ	27136762
196700	196700	웹스	KOSDAQ	14364144
69080	069080	웹젠	KOSDAQ GLOBAL	34600884
53580	053580	웹케시	KOSDAQ	13636248
479960	479960	위너스	KOSDAQ	6851000
377460	377460	위니아에이드	KOSDAQ	62055687
44340	044340	위닉스	KOSDAQ	17873425
330350	330350	위더스제약	KOSDAQ	13202139
348350	348350	위드텍	KOSDAQ	9978600
112040	112040	위메이드	KOSDAQ	33948483
101730	101730	위메이드맥스	KOSDAQ	83803286
123420	123420	위메이드플레이	KOSDAQ	10552334
65370	065370	위세아이텍	KOSDAQ	7383954
140660	140660	위월드	KONEX	2487252
38620	038620	위즈코프	KOSDAQ	75729465
299900	299900	위지윅스튜디오	KOSDAQ	171048884
36090	036090	위지트	KOSDAQ	118392284
459100	459100	위츠	KOSDAQ	13365000
136540	136540	윈스테크넷	KOSDAQ	12279746
97800	097800	윈팩	KOSDAQ	136450229
192390	192390	윈하이텍	KOSDAQ	11032229
8600	008600	윌비스	KOSPI	67236039
335870	335870	윙스풋	KOSDAQ	16750473
900340	900340	윙입푸드	KOSDAQ	50330928
33270	033270	유나이티드제약	KOSPI	16333822
14830	014830	유니드	KOSPI	6767600
446070	446070	유니드비티플러스	KOSPI	10611215
36200	036200	유니셈	KOSDAQ	30664223
18000	018000	유니슨	KOSDAQ	245157742
910	000910	유니온	KOSPI	15611619
47400	047400	유니온머티리얼	KOSPI	42000000
203450	203450	유니온바이오메트릭스	KOSDAQ	14079007
11330	011330	유니켐	KOSPI	93525678
77500	077500	유니퀘스트	KOSPI	21600102
11320	011320	유니크	KOSDAQ	19320695
86390	086390	유니테스트	KOSDAQ	21134126
241690	241690	유니테크노	KOSDAQ	24470706
142210	142210	유니트론텍	KOSDAQ	21010071
121060	121060	유니포인트	KONEX	5981670
389680	389680	유디엠텍	KOSDAQ	41592465
88340	088340	유라클	KOSDAQ	4364368
48430	048430	유라테크	KOSDAQ	11520000
206650	206650	유바이오로직스	KOSDAQ	36672307
89850	089850	유비벨록스	KOSDAQ	14730199
495810	495810	유비씨	KONEX	2500000
84440	084440	유비온	KOSDAQ	19712800
32620	032620	유비케어	KOSDAQ	52197139
264450	264450	유비쿼스	KOSDAQ	14665493
78070	078070	유비쿼스홀딩스	KOSDAQ	17604772
2920	002920	유성기업	KOSPI	25947500
24800	024800	유성티엔에스	KOSDAQ	37051812
700	000700	유수홀딩스	KOSPI	26041812
54930	054930	유신	KOSDAQ	3000000
69330	069330	유아이디	KOSDAQ	14191091
49520	049520	유아이엘	KOSDAQ	32247404
444920	444920	유안타제11호스팩	KOSDAQ	5240000
450940	450940	유안타제14호스팩	KOSDAQ	4540000
473050	473050	유안타제15호스팩	KOSDAQ	7010000
474490	474490	유안타제16호스팩	KOSDAQ	5510000
493790	493790	유안타제17호스팩	KOSDAQ	5310000
3470	003470	유안타증권	KOSPI	199596576
3475	003475	유안타증권우	KOSPI	12912212
263770	263770	유에스티	KOSDAQ	23700172
337840	337840	유엑스엔	KONEX	4747536
72130	072130	유엔젤	KOSPI	12895454
220	000220	유유제약	KOSPI	17032351
225	000225	유유제약1우	KOSPI	2266930
227	000227	유유제약2우B	KOSPI	325560
388720	388720	유일로보틱스	KOSDAQ	11696795
340930	340930	유일에너테크	KOSDAQ	68875785
23410	023410	유진기업	KOSDAQ	77310863
56080	056080	유진로봇	KOSDAQ	37512152
468760	468760	유진스팩10호	KOSDAQ	4240000
488060	488060	유진스팩11호	KOSDAQ	4720000
0105P0	0105P0	유진스팩12호	KOSDAQ	5660000
84370	084370	유진테크	KOSDAQ	22916042
240600	240600	유진테크놀로지	KOSDAQ	6928151
1200	001200	유진투자증권	KOSPI	96866418
221800	221800	유투바이오	KOSDAQ	15932474
179900	179900	유티아이	KOSDAQ	19790412
263050	263050	유틸렉스	KOSDAQ	36834856
100	000100	유한양행	KOSPI	79647601
105	000105	유한양행우	KOSPI	1180940
3460	003460	유화증권	KOSPI	56702415
3465	003465	유화증권우	KOSPI	17476425
191410	191410	육일씨엔에쓰	KOSDAQ	11204255
372170	372170	윤성에프앤씨	KOSDAQ	7979048
146060	146060	율촌	KOSDAQ	24015595
8730	008730	율촌화학	KOSPI	24800000
8250	008250	이건산업	KOSPI	10952635
39020	039020	이건홀딩스	KOSDAQ	22584709
25820	025820	이구산업	KOSPI	33442000
67920	067920	이글루	KOSDAQ	10996119
44960	044960	이글벳	KOSDAQ	12641883
303530	303530	이노뎁	KOSDAQ	7339299
296640	296640	이노룰스	KOSDAQ	5178252
302430	302430	이노메트리	KOSDAQ	9833208
279060	279060	이노벡스	KONEX	9807866
214320	214320	이노션	KOSPI	40000000
462350	462350	이노스페이스	KOSDAQ	20650030
274400	274400	이노시뮬레이션	KOSDAQ	9086493
73490	073490	이노와이어리스	KOSDAQ	7603846
215790	215790	이노인스트루먼트	KOSDAQ	40283149
344860	344860	이노진	KOSDAQ	12030000
469610	469610	이노테크	KOSDAQ	8876900
88390	088390	이녹스	KOSDAQ	9385844
272290	272290	이녹스첨단소재	KOSDAQ GLOBAL	19927658
53350	053350	이니텍	KOSDAQ	23021065
452400	452400	이닉스	KOSDAQ	9071428
264850	264850	이랜시스	KOSDAQ	30294612
54210	054210	이랜텍	KOSDAQ	25291210
9730	009730	이렘	KOSDAQ	61877172
65440	065440	이루온	KOSDAQ	27275020
88260	088260	이리츠코크렙	KOSPI	63341590
139480	139480	이마트	KOSPI	27595819
424870	424870	이뮨온시아	KOSDAQ	74165069
115610	115610	이미지스	KOSDAQ	23637538
478110	478110	이베스트스팩6호	KOSDAQ	5020000
131400	131400	이브이첨단소재	KOSDAQ	59591882
208850	208850	이비테크	KONEX	2820250
351330	351330	이삭엔지니어링	KOSDAQ	8288520
80010	080010	이상네트웍스	KOSDAQ	9835071
379390	379390	이성씨엔아이	KONEX	2841460
457190	457190	이수스페셜티케미컬	KOSPI	30213576
86890	086890	이수앱지스	KOSDAQ	40571369
7660	007660	이수페타시스	KOSPI	73409219
5950	005950	이수화학	KOSPI	26294169
15020	015020	이스타코	KOSPI	42851600
47560	047560	이스트소프트	KOSDAQ	11732432
900110	900110	이스트아시아홀딩스	KOSDAQ	26286743
239340	239340	이스트에이드	KOSDAQ	26979634
67010	067010	이씨에스	KOSDAQ	12294000
341310	341310	이앤에치	KONEX	17293400
456070	456070	이엔셀	KOSDAQ	10964555
102710	102710	이엔에프테크놀로지	KOSDAQ	14287836
74610	074610	이엔플러스	KOSPI	7337472
41520	041520	이엘씨	KOSDAQ	12188730
63760	063760	이엘피	KOSDAQ	9325130
123570	123570	이엠넷	KOSDAQ	22276078
83470	083470	이엠앤아이	KOSDAQ	21340329
95190	095190	이엠코리아	KOSDAQ	65260462
91120	091120	이엠텍	KOSDAQ	17132936
232530	232530	이엠티	KONEX	25614304
102460	102460	이연제약	KOSPI	18586811
39030	039030	이오테크닉스	KOSDAQ GLOBAL	12319550
294090	294090	이오플로우	KOSDAQ	41079105
88290	088290	이원컴포텍	KOSDAQ	39880364
84680	084680	이월드	KOSPI	141806193
353810	353810	이지바이오	KOSDAQ	33081920
261520	261520	이지스	KOSDAQ	9769161
350520	350520	이지스레지던스리츠	KOSPI	36866202
334890	334890	이지스밸류플러스리츠	KOSPI	69448683
99750	099750	이지케어텍	KOSDAQ	13659173
377330	377330	이지트로닉스	KOSDAQ	8139954
35810	035810	이지홀딩스	KOSDAQ	64516185
92130	092130	이크레더블	KOSDAQ	12043600
134060	134060	이퓨쳐	KOSDAQ	4769250
1840	001840	이화공영	KOSDAQ	16265427
760	000760	이화산업	KOSPI	2800000
14990	014990	인디에프	KOSPI	75112995
41830	041830	인바디	KOSDAQ	13480882
352940	352940	인바이오	KOSDAQ	10867730
101140	101140	인바이오젠	KOSPI	10044216
216400	216400	인바이츠바이오코아	KONEX	7711315
79950	079950	인베니아	KOSDAQ	5800000
389470	389470	인벤티지랩	KOSDAQ	13160102
277410	277410	인산가	KOSDAQ	38411505
60150	060150	인선이엔티	KOSDAQ	46563612
33230	033230	인성정보	KOSDAQ	50515380
450520	450520	인스웨이브	KOSDAQ	14704578
6490	006490	인스코비	KOSPI	125886117
465480	465480	인스피언	KOSDAQ	10137772
37330	037330	인지디스플레	KOSDAQ	43885224
100030	100030	인지소프트	KOSDAQ	3283714
23800	023800	인지컨트롤스	KOSPI	15809197
34590	034590	인천도시가스	KOSPI	4374754
211050	211050	인카금융서비스	KOSDAQ	49263657
83640	083640	인콘	KOSDAQ	77720351
64090	064090	인크레더블버즈	KOSDAQ	49742745
216050	216050	인크로스	KOSDAQ	12843222
49070	049070	인탑스	KOSDAQ	17200000
311960	311960	인터로이드	KONEX	3062664
119610	119610	인터로조	KOSDAQ	11413747
17250	017250	인터엠	KOSDAQ	21045467
129260	129260	인터지스	KOSPI	29747874
51370	051370	인터플렉스	KOSDAQ	23327472
64290	064290	인텍플러스	KOSDAQ	12863962
189300	189300	인텔리안테크	KOSDAQ	10733334
287840	287840	인투셀	KOSDAQ	15011960
48530	048530	인트론바이오	KOSDAQ	33191547
23810	023810	인팩	KOSPI	10000000
115310	115310	인포바인	KOSDAQ	3192883
39290	039290	인포뱅크	KOSDAQ	8693978
71200	071200	인피니트헬스케어	KOSDAQ	24396458
101930	101930	인화정공	KOSDAQ	9232882
249420	249420	일동제약	KOSPI	31638252
230	000230	일동홀딩스	KOSPI	11540400
13360	013360	일성건설	KOSPI	54024880
3120	003120	일성아이에스	KOSPI	13300000
333430	333430	일승	KOSDAQ	30726747
68330	068330	일신바이오	KOSDAQ	44216140
3200	003200	일신방직	KOSPI	22960000
7110	007110	일신석재	KOSPI	77456610
7570	007570	일양약품	KOSPI	19085664
7575	007575	일양약품우	KOSPI	445080
178780	178780	일월지엠엘	KOSDAQ	18639195
8500	008500	일정실업	KOSPI	6000000
19540	019540	일지테크	KOSDAQ	13513500
81000	081000	일진다이아	KOSPI	14202975
20760	020760	일진디스플	KOSPI	51513741
103590	103590	일진전기	KOSPI	47685390
94820	094820	일진파워	KOSDAQ	15078709
271940	271940	일진하이솔루스	KOSPI	36313190
15860	015860	일진홀딩스	KOSPI	49347483
226320	226320	잇츠한불	KOSPI	21929315
950140	950140	잉글우드랩	KOSDAQ	19867866
49550	049550	잉크테크	KOSDAQ	19606277
389020	389020	자람테크놀로지	KOSDAQ	6197730
254120	254120	자비스	KOSDAQ	30754270
43910	043910	자연과환경	KOSDAQ	113391457
234920	234920	자이글	KOSDAQ	13530910
289220	289220	자이언트스텝	KOSDAQ	22312221
317400	317400	자이에스앤디	KOSPI	38782520
33240	033240	자화전자	KOSPI	21756636
49630	049630	재영솔루텍	KOSDAQ	116897560
417840	417840	저스템	KOSDAQ	22573581
950	000950	전방	KOSPI	1680000
79900	079900	전진건설로봇	KOSPI	14592545
110020	110020	전진바이오팜	KOSDAQ	9058762
208140	208140	정다운	KOSDAQ	32684246
40420	040420	정상제이엘에스	KOSDAQ	15677552
45510	045510	정원엔시스	KOSDAQ	32209292
217190	217190	제너셈	KOSDAQ	13153761
95700	095700	제넥신	KOSDAQ	45540494
122310	122310	제노레이	KOSDAQ	14553844
361390	361390	제노코	KOSDAQ	9404397
66830	066830	제노텍	KONEX	5667180
225220	225220	제놀루션	KOSDAQ	19190021
123330	123330	제닉	KOSDAQ	7968680
381620	381620	제닉스로보틱스	KOSDAQ	13117920
159580	159580	제로투세븐	KOSDAQ	20032636
147830	147830	제룡산업	KOSDAQ	20000000
33100	033100	제룡전기	KOSDAQ	16062409
79370	079370	제우스	KOSDAQ	31016990
54950	054950	제이브이엠	KOSDAQ	12089892
23440	023440	제이스코홀딩스	KOSDAQ	88616044
90470	090470	제이스텍	KOSDAQ	17476594
137950	137950	제이씨케미칼	KOSDAQ	22267814
33320	033320	제이씨현시스템	KOSDAQ	19114432
417500	417500	제이아이테크	KOSDAQ	32784744
348950	348950	제이알글로벌리츠	KOSPI	197376000
204270	204270	제이앤티씨	KOSDAQ	57848466
127120	127120	제이에스링크	KOSDAQ	32789251
194370	194370	제이에스코퍼레이션	KOSPI	29016758
26040	026040	제이에스티나	KOSDAQ	16503790
452160	452160	제이엔비	KOSDAQ	9617527
126880	126880	제이엔케이글로벌	KOSDAQ	23204903
322510	322510	제이엘케이	KOSDAQ	25528892
254160	254160	제이엠멀티	KONEX	5160000
33050	033050	제이엠아이	KOSDAQ	32579342
94970	094970	제이엠티	KOSDAQ	16748240
418550	418550	제이오	KOSDAQ	32017673
60230	060230	제이케이시냅스	KOSDAQ	8606329
420570	420570	제이투케이바이오	KOSDAQ	5847483
89790	089790	제이티	KOSDAQ	10315513
0010V0	0010V0	제이피아이헬스케어	KOSDAQ	5105400
30000	030000	제일기획	KOSPI	115041225
52670	052670	제일바이오	KOSDAQ	19419
271980	271980	제일약품	KOSPI	14704872
412540	412540	제일엠앤에스	KOSDAQ	20600665
1560	001560	제일연마	KOSPI	9800000
199820	199820	제일일렉트릭	KOSDAQ	22220000
38010	038010	제일테크노스	KOSDAQ	9000000
2620	002620	제일파마홀딩스	KOSPI	15973355
80220	080220	제주반도체	KOSDAQ	34442833
6220	006220	제주은행	KOSPI	37798557
89590	089590	제주항공	KOSPI	80640985
216080	216080	제테마	KOSDAQ	36007518
337930	337930	젝시믹스	KOSDAQ	29676475
229000	229000	젠큐릭스	KOSDAQ	23428165
82270	082270	젬백스	KOSDAQ	42680389
4910	004910	조광페인트	KOSPI	12800000
4700	004700	조광피혁	KOSPI	6649138
1550	001550	조비	KOSPI	5192239
462520	462520	조선내화	KOSPI	11855168
120030	120030	조선선재	KOSPI	1257651
34940	034940	조아제약	KOSDAQ	30979827
67000	067000	조이시티	KOSDAQ	69903446
309930	309930	조이웍스앤코	KOSDAQ	24487048
18470	018470	조일알미늄	KOSPI	126631721
2600	002600	조흥	KOSPI	600000
185750	185750	종근당	KOSPI	13802780
63160	063160	종근당바이오	KOSPI	5485962
1630	001630	종근당홀딩스	KOSPI	5009861
33340	033340	좋은사람들	KOSDAQ	96950558
36930	036930	주성엔지니어링	KOSDAQ GLOBAL	47268321
109070	109070	주성코퍼레이션	KOSPI	52810230
44380	044380	주연테크	KOSPI	64481582
72020	072020	중앙백신	KOSDAQ	9458687
440	000440	중앙에너비스	KOSDAQ	6227130
51980	051980	중앙첨단소재	KOSDAQ	111091709
228760	228760	지노믹트리	KOSDAQ	24626238
314130	314130	지놈앤컴퍼니	KOSDAQ	34892981
13890	013890	지누스	KOSPI	22254576
389030	389030	지니너스	KOSDAQ	33351845
263860	263860	지니언스	KOSDAQ	9079600
303030	303030	지니틱스	KOSDAQ	37073689
36180	036180	지더블유바이텍	KOSDAQ	93464524
208350	208350	지란지교시큐리티	KOSDAQ	8501570
446840	446840	지슨	KOSDAQ	54823083
144510	144510	지씨셀	KOSDAQ	15800344
340450	340450	지씨지놈	KOSDAQ	23650793
306620	306620	지아이에스	KOSDAQ	45014260
358570	358570	지아이이노베이션	KOSDAQ	63872991
382480	382480	지아이텍	KOSDAQ	39357140
382800	382800	지앤비에스 에코	KOSDAQ	31831041
299480	299480	지앤이헬스케어	KONEX	11100743
51160	051160	지어소프트	KOSDAQ	15474430
53050	053050	지에스이	KOSDAQ	29987597
76340	076340	지에이이노더스	KONEX	4871460
388610	388610	지에프씨생명과학	KOSDAQ	5263709
493330	493330	지에프아이	KOSDAQ	7682146
119850	119850	지엔씨에너지	KOSDAQ	16448909
65060	065060	지엔코	KOSDAQ	23800804
204840	204840	지엘팜텍	KOSDAQ	77549006
13870	013870	지엠비코리아	KOSPI	19072280
71320	071320	지역난방공사	KOSPI	11578744
311320	311320	지오엘리먼트	KOSDAQ	12614560
456160	456160	지투지바이오	KOSDAQ	16420560
388050	388050	지투파워	KOSDAQ	18709437
88790	088790	진도	KOSPI	12447744
18120	018120	진로발효	KOSDAQ	6621120
109820	109820	진매트릭스	KOSDAQ	20393640
86060	086060	진바이오텍	KOSDAQ	8610587
36890	036890	진성티이씨	KOSDAQ	22032623
363250	363250	진시스템	KOSDAQ	7042798
3780	003780	진양산업	KOSPI	13000000
7370	007370	진양제약	KOSDAQ	14134587
10640	010640	진양폴리	KOSPI	10000000
100250	100250	진양홀딩스	KOSPI	55895292
51630	051630	진양화학	KOSPI	21200000
272450	272450	진에어	KOSPI	52200000
285800	285800	진영	KOSDAQ	17477270
11000	011000	진원생명과학	KOSPI	85409936
250030	250030	진코스텍	KONEX	2589337
2780	002780	진흥기업	KOSPI	145471745
2787	002787	진흥기업2우B	KOSPI	294808
2785	002785	진흥기업우B	KOSPI	857218
233990	233990	질경이	KONEX	14764898
25620	025620	차AI헬스케어	KOSPI	18203973
85660	085660	차바이오텍	KOSDAQ	90318801
261780	261780	차백신연구소	KOSDAQ	26865246
351870	351870	차이커뮤니케이션	KOSDAQ	11160642
9310	009310	참엔지니어링	KOSPI	21885074
94850	094850	참좋은여행	KOSDAQ	14000000
368030	368030	창대정밀	KONEX	1749307
4650	004650	창해에탄올	KOSDAQ	9190885
278280	278280	천보	KOSDAQ	11944814
650	000650	천일고속	KOSPI	1429220
362320	362320	청담글로벌	KOSDAQ	21151290
66360	066360	체리부로	KOSDAQ	47952015
33250	033250	체시스	KOSPI	32000000
47820	047820	초록뱀미디어	KOSDAQ	24453930
94360	094360	칩스앤미디어	KOSDAQ	21279274
16920	016920	카스	KOSDAQ	26493538
284620	284620	카이노스메드	KOSDAQ	33086953
35720	035720	카카오	KOSPI	442605669
293490	293490	카카오게임즈	KOSDAQ GLOBAL	89786911
323410	323410	카카오뱅크	KOSPI	477011437
377300	377300	카카오페이	KOSPI	135151270
140430	140430	카티스	KOSDAQ	53447539
42000	042000	카페24	KOSDAQ	24253054
6380	006380	카프로	KOSPI	168999996
313760	313760	캐리	KOSDAQ	11207186
317530	317530	캐리소프트	KOSDAQ	17494882
71850	071850	캐스텍코리아	KOSDAQ	24260938
198080	198080	캐프	KOSDAQ	21535185
210120	210120	캔버스엔	KOSDAQ	24237478
50110	050110	캠시스	KOSDAQ	73824118
452300	452300	캡스톤파트너스	KOSDAQ	14169505
451760	451760	컨텍	KOSDAQ	15297931
900310	900310	컬러레이	KOSDAQ	64041675
78340	078340	컴투스	KOSDAQ GLOBAL	12091313
63080	063080	컴투스홀딩스	KOSDAQ	6595192
307930	307930	컴퍼니케이	KOSDAQ	15610000
79190	079190	케스피온	KOSDAQ	38355514
263700	263700	케어랩스	KOSDAQ	19414200
214370	214370	케어젠	KOSDAQ	53715000
221980	221980	케이디켐	KOSDAQ	4034800
38530	038530	케이바이오	KOSDAQ	115714347
1620	001620	케이비아이동국실업	KOSPI	111293031
192250	192250	케이사인	KOSDAQ	7067125
431190	431190	케이쓰리아이	KOSDAQ	7486442
29460	029460	케이씨	KOSPI	13231263
115500	115500	케이씨에스	KOSDAQ	12000000
281820	281820	케이씨텍	KOSPI	20690323
89150	089150	케이씨티	KOSDAQ	17150000
25880	025880	케이씨피드	KOSDAQ	16715858
93320	093320	케이아이엔엑스	KOSDAQ	4880000
93640	093640	케이알엠	KOSDAQ	32623851
73010	073010	케이에스피	KOSDAQ	40191250
105330	105330	케이엔더블유	KOSDAQ	16060028
53080	053080	케이엔솔	KOSDAQ	12999807
199430	199430	케이엔알시스템	KOSDAQ	10998043
432470	432470	케이엔에스	KOSDAQ	8771556
272110	272110	케이엔제이	KOSDAQ	8025395
39420	039420	케이엘넷	KOSDAQ	24154730
83550	083550	케이엠	KOSDAQ	12950887
32500	032500	케이엠더블유	KOSDAQ	40930109
225430	225430	케이엠제약	KOSDAQ	27887050
102370	102370	케이옥션	KOSDAQ	27229210
68100	068100	케이웨더	KOSDAQ	9939614
106080	106080	케이이엠텍	KOSDAQ	28809088
455180	455180	케이지에이	KOSDAQ	13958316
381970	381970	케이카	KOSPI	48820848
145270	145270	케이탑리츠	KOSPI	48060774
36030	036030	케이티알파	KOSDAQ	49019283
64820	064820	케이프	KOSDAQ	30901728
24880	024880	케이피에프	KOSDAQ	20089673
42040	042040	케이피엠테크	KOSDAQ	195145574
54410	054410	케이피티유	KOSDAQ	5726444
258610	258610	케일럼	KOSDAQ	36485063
274090	274090	켄코아에어로스페이스	KOSDAQ	13556425
402420	402420	켈스	KONEX	2348763
89010	089010	켐트로닉스	KOSDAQ	16339323
220260	220260	켐트로스	KOSDAQ	26558307
176590	176590	코나솔	KONEX	5836383
52400	052400	코나아이	KOSDAQ	14563291
402030	402030	코난테크놀로지	KOSDAQ	12517488
391710	391710	코닉오토메이션	KOSDAQ	42620470
46070	046070	코다코	KOSDAQ	15486089
47770	047770	코데즈컴바인	KOSDAQ	37842602
80530	080530	코디	KOSDAQ	55510875
417310	417310	코람코더원리츠	KOSPI	40400000
357120	357120	코람코라이프인프라리츠	KOSPI	97335354
104540	104540	코렌텍	KOSDAQ	12785740
27050	027050	코리아나	KOSDAQ	40000000
7815	007815	코리아써우	KOSPI	2964690
7810	007810	코리아써키트	KOSPI	23620751
00781K	00781K	코리아써키트2우B	KOSPI	783699
190650	190650	코리아에셋투자증권	KOSDAQ	6388000
123410	123410	코리아에프티	KOSDAQ	27841064
3690	003690	코리안리	KOSPI	194821031
36690	036690	코맥스	KOSDAQ	15904938
49430	049430	코메론	KOSDAQ	9048000
183300	183300	코미코	KOSDAQ GLOBAL	10460684
41960	041960	코미팜	KOSDAQ	73886495
89890	089890	코세스	KOSDAQ	16584962
360350	360350	코셈	KOSDAQ	5727970
189350	189350	코셋	KONEX	4800000
82660	082660	코스나인	KOSDAQ	99640869
192820	192820	코스맥스	KOSPI	11349509
44820	044820	코스맥스비티아이	KOSPI	9603921
222040	222040	코스맥스엔비티	KOSDAQ	20628000
241710	241710	코스메카코리아	KOSDAQ	10680000
5070	005070	코스모신소재	KOSPI	32510756
5420	005420	코스모화학	KOSPI	38408228
355150	355150	코스텍시스	KOSDAQ	7797350
169670	169670	코스텍시스템	KONEX	2868401
71950	071950	코아스	KOSPI	11813101
166480	166480	코아스템켐온	KOSDAQ	52870376
45970	045970	코아시아	KOSDAQ	26314876
196450	196450	코아시아씨엠	KOSDAQ	45319582
384470	384470	코어라인소프트	KOSDAQ	17946692
2020	002020	코오롱	KOSPI	12907680
138490	138490	코오롱ENP	KOSPI	38000000
3070	003070	코오롱글로벌	KOSPI	25423959
3075	003075	코오롱글로벌우	KOSPI	740737
102940	102940	코오롱생명과학	KOSDAQ	12951600
2025	002025	코오롱우	KOSPI	1160437
120110	120110	코오롱인더	KOSPI	27519091
120115	120115	코오롱인더우	KOSPI	2767860
950160	950160	코오롱티슈진	KOSDAQ	83221265
21240	021240	코웨이	KOSPI	71909133
56360	056360	코위버	KOSDAQ	9796800
282880	282880	코윈테크	KOSDAQ	11469370
121850	121850	코이즈	KOSDAQ	5056999
448710	448710	코츠테크놀로지	KOSDAQ	5285292
126730	126730	코칩	KOSDAQ	8503460
15710	015710	코콤	KOSDAQ	17530500
52330	052330	코텍	KOSDAQ	17761589
322780	322780	코퍼스코리아	KOSDAQ	42928639
36420	036420	콘텐트리중앙	KOSPI	19262308
200130	200130	콜마비앤에이치	KOSDAQ GLOBAL	29415558
24720	024720	콜마홀딩스	KOSPI	34296259
294570	294570	쿠콘	KOSDAQ	10091732
192400	192400	쿠쿠홀딩스	KOSPI	35562185
284740	284740	쿠쿠홈시스	KOSPI	22437330
464490	464490	쿼드메디슨	KOSDAQ	11341443
317690	317690	퀀타매트릭스	KOSDAQ	20046963
432720	432720	퀄리타스반도체	KOSDAQ	14156612
456190	456190	큐라켐	KONEX	1754286
365270	365270	큐라클	KOSDAQ	21156582
348080	348080	큐라티스	KOSDAQ	81786794
60280	060280	큐렉소	KOSDAQ	41089990
372320	372320	큐로셀	KOSDAQ	14458828
51780	051780	큐로홀딩스	KOSDAQ	25811245
115180	115180	큐리언트	KOSDAQ	37191867
494120	494120	큐리오시스	KOSDAQ	7616482
445680	445680	큐리옥스바이오시스템즈	KOSDAQ	17119833
182360	182360	큐브엔터	KOSDAQ	15549849
405100	405100	큐알티	KOSDAQ	12289301
66310	066310	큐에스아이	KOSDAQ	9271621
136660	136660	큐엠씨	KONEX	2360950
16600	016600	큐캐피탈	KOSDAQ	178247112
355390	355390	크라우드웍스	KOSDAQ	13603176
264900	264900	크라운제과	KOSPI	12523850
26490K	26490K	크라운제과우	KOSPI	773560
5740	005740	크라운해태홀딩스	KOSPI	14847347
5745	005745	크라운해태홀딩스우	KOSPI	600726
259960	259960	크래프톤	KOSPI	47403831
96240	096240	크레버스	KOSDAQ	10938180
40350	040350	크레오에스지	KOSDAQ	97602661
215570	215570	크로넥스	KONEX	5670474
110790	110790	크리스에프앤씨	KOSDAQ	23430960
900250	900250	크리스탈신소재	KOSDAQ	143260004
45520	045520	크린앤사이언스	KOSDAQ	6500000
214150	214150	클래시스	KOSDAQ GLOBAL	65505659
466100	466100	클로봇	KOSDAQ	24992139
237880	237880	클리오	KOSDAQ	18071353
139670	139670	키네마스터	KOSDAQ	14118810
20120	020120	키다리스튜디오	KOSPI	37063766
475430	475430	키스트론	KOSDAQ	17848110
487720	487720	키움제10호스팩	KOSDAQ	4230000
489480	489480	키움제11호스팩	KOSDAQ	6600000
39490	039490	키움증권	KOSPI	27112147
466690	466690	키움히어로제1호스팩	KOSDAQ	5095000
54780	054780	키이스트	KOSDAQ	19657793
256940	256940	킵스파마	KOSDAQ	20078147
336040	336040	타스컴	KONEX	5712810
219130	219130	타이거일렉	KOSDAQ	6314290
346010	346010	타이드	KONEX	4860062
318660	318660	타임기술	KONEX	2152101
476710	476710	타조이엔터테인먼트	KONEX	1000000
434190	434190	탈로스	KONEX	7369434
336680	336680	탑런토탈솔루션	KOSDAQ	39145558
360070	360070	탑머티리얼	KOSDAQ	8145043
180060	180060	탑선	KONEX	9347666
65130	065130	탑엔지니어링	KOSDAQ	16004000
134580	134580	탑코미디어	KOSDAQ	49294149
14580	014580	태경비케이	KOSPI	27583100
15890	015890	태경산업	KOSPI	29228750
6890	006890	태경케미컬	KOSPI	11600000
23160	023160	태광	KOSDAQ	26500000
3240	003240	태광산업	KOSPI	1113400
11280	011280	태림포장	KOSPI	70805940
323280	323280	태성	KOSDAQ	30537980
53620	053620	태양	KOSDAQ	8600000
52960	052960	태양3C	KONEX	4887078
4100	004100	태양금속	KOSPI	36700000
4105	004105	태양금속우	KOSPI	3300000
116100	116100	태양기계	KONEX	7439986
9410	009410	태영건설	KOSPI	297590078
9415	009415	태영건설우	KOSPI	649974
44490	044490	태웅	KOSDAQ	20007381
124560	124560	태웅로직스	KOSDAQ	38720811
1420	001420	태원물산	KOSPI	7600000
191420	191420	테고사이언스	KOSDAQ	8108834
950250	950250	테라뷰	KOSDAQ	35517731
73640	073640	테라사이언스	KOSDAQ	106378770
66700	066700	테라젠이텍스	KOSDAQ	37152376
95610	095610	테스	KOSDAQ	19360000
55490	055490	테이팩스	KOSPI	4769650
64520	064520	테크엘	KOSDAQ	22351062
89030	089030	테크윙	KOSDAQ	37053645
258050	258050	테크트랜스	KONEX	11145949
54450	054450	텔레칩스	KOSDAQ	15144233
78000	078000	텔코웨어	KOSPI	9240077
200230	200230	텔콘RF제약	KOSDAQ	68523533
214420	214420	토니모리	KOSPI	24054799
393210	393210	토마토시스템	KOSDAQ	15614544
475960	475960	토모큐브	KOSDAQ	13383274
215480	215480	토박스코리아	KOSDAQ	9180000
51360	051360	토비스	KOSDAQ	15047261
45340	045340	토탈소프트	KOSDAQ	8558040
108230	108230	톱텍	KOSDAQ	38023245
79970	079970	투비소프트	KOSDAQ	12829234
199800	199800	툴젠	KOSDAQ	8990229
417790	417790	트루엔	KOSDAQ	10468391
290090	290090	트윔	KOSDAQ	7440268
26150	026150	특수건설	KOSDAQ	17546331
464280	464280	티디에스팜	KOSDAQ	5530000
117730	117730	티로보틱스	KOSDAQ	22155710
33830	033830	티비씨	KOSDAQ	100000000
57680	057680	티사이언티픽	KOSDAQ	71248501
204610	204610	티쓰리	KOSDAQ	58691720
125020	125020	티씨머티리얼즈	KOSDAQ	35038550
64760	064760	티씨케이	KOSDAQ GLOBAL	11179416
246710	246710	티앤알바이오팹	KOSDAQ	47569048
340570	340570	티앤엘	KOSDAQ	8128000
43220	043220	티에스넥스젠	KOSDAQ	15922416
277880	277880	티에스아이	KOSDAQ	20206248
131290	131290	티에스이	KOSDAQ	11061429
19180	019180	티에이치엔	KOSPI	18000000
425420	425420	티에프이	KOSDAQ	11960710
484810	484810	티엑스알로보틱스	KOSDAQ	15450915
131100	131100	티엔엔터테인먼트	KOSDAQ	32246724
356860	356860	티엘비	KOSDAQ	9832630
413300	413300	티엘엔지니어링	KONEX	1351515
217590	217590	티엠씨	KOSPI	24094225
363280	363280	티와이홀딩스	KOSPI	50429268
36328K	36328K	티와이홀딩스우	KOSPI	1243014
321550	321550	티움바이오	KOSDAQ	29078354
91810	091810	티웨이항공	KOSPI	335984035
4870	004870	티웨이홀딩스	KOSPI	113163494
425040	425040	티이엠씨	KOSDAQ	21329082
241790	241790	티이엠씨씨엔에스	KOSDAQ	10002634
22220	022220	티케이지애강	KOSDAQ	51794579
104480	104480	티케이케미칼	KOSDAQ	90895434
81150	081150	티플랙스	KOSDAQ	24268402
130740	130740	티피씨글로벌	KOSDAQ	11276679
217880	217880	틸론	KONEX	10727290
84730	084730	팅크웨어	KOSDAQ	11109424
440110	440110	파두	KOSDAQ	49493293
34230	034230	파라다이스	KOSPI	92405559
288330	288330	파라택시스코리아	KOSDAQ	106078771
33540	033540	파라텍	KOSDAQ	37751063
388870	388870	파로스아이바이오	KOSDAQ	12945932
43200	043200	파루	KOSDAQ	41804315
214450	214450	파마리서치	KOSDAQ GLOBAL	10389648
217950	217950	파마리서치바이오	KONEX	4183240
5690	005690	파미셀	KOSPI	60016964
177830	177830	파버나인	KOSDAQ	13493951
37070	037070	파세코	KOSDAQ	20000000
150900	150900	파수	KOSDAQ	11703922
37030	037030	파워넷	KOSDAQ	25199918
47310	047310	파워로직스	KOSDAQ	36610755
368770	368770	파이버프로	KOSDAQ	32854225
170790	170790	파이오링크	KOSDAQ	6397335
49120	049120	파인디앤씨	KOSDAQ	53008319
38950	038950	파인디지털	KOSDAQ	10210765
387570	387570	파인메딕스	KOSDAQ	5625900
441270	441270	파인엠텍	KOSDAQ	40608587
106240	106240	파인테크닉스	KOSDAQ	21134625
131760	131760	파인텍	KOSDAQ	43431583
65690	065690	파커스	KOSDAQ	14049331
140860	140860	파크시스템스	KOSDAQ GLOBAL	6996477
91700	091700	파트론	KOSDAQ GLOBAL	55000000
202960	202960	판도라티비	KONEX	11915582
32800	032800	판타지오	KOSDAQ	45957058
318010	318010	팜스빌	KOSDAQ	7929338
36580	036580	팜스코	KOSPI	36727943
27710	027710	팜스토리	KOSDAQ	111416600
4720	004720	팜젠사이언스	KOSPI	21954502
266350	266350	팡스카이	KONEX	12629570
225590	225590	패션플랫폼	KOSDAQ	26636713
54300	054300	팬스타엔터프라이즈	KOSDAQ	115741890
68050	068050	팬엔터테인먼트	KOSDAQ	27694076
28670	028670	팬오션	KOSPI	534569512
222110	222110	팬젠	KOSDAQ	13494197
271830	271830	팸텍	KOSDAQ	29490202
10820	010820	퍼스텍	KOSPI	48771938
16800	016800	퍼시스	KOSPI	11500000
263750	263750	펄어비스	KOSDAQ GLOBAL	64247855
251970	251970	펌텍코리아	KOSDAQ	12400000
0015S0	0015S0	페스카로	KOSDAQ	9662730
1020	001020	페이퍼코리아	KOSPI	177983313
327610	327610	펨토바이오메드	KONEX	8536086
168360	168360	펨트론	KOSDAQ	21288284
87010	087010	펩트론	KOSDAQ	23317350
90080	090080	평화산업	KOSPI	54902259
10770	010770	평화홀딩스	KOSPI	14625466
64800	064800	포니링크	KOSDAQ	127807298
119500	119500	포메탈	KOSDAQ	11847232
389140	389140	포바이포	KOSDAQ	14269735
105760	105760	포스뱅크	KOSDAQ	10172387
22100	022100	포스코DX	KOSPI	152034729
58430	058430	포스코스틸리온	KOSPI	6000000
9520	009520	포스코엠텍	KOSDAQ GLOBAL	41642703
47050	047050	포스코인터내셔널	KOSPI	175922788
3670	003670	포스코퓨처엠	KOSPI	88946220
189690	189690	포시에스	KOSDAQ	27321969
318020	318020	포인트모바일	KOSDAQ	12301272
256630	256630	포인트엔지니어링	KOSDAQ	57997072
331380	331380	포커스에이아이	KOSDAQ	29534506
208710	208710	포톤	KOSDAQ	13180132
472850	472850	폰드그룹	KOSDAQ	57571652
39980	039980	폴라리스AI	KOSDAQ	72778776
41910	041910	폴라리스AI파마	KOSDAQ	13501607
234100	234100	폴라리스세원	KOSDAQ	70796203
41020	041020	폴라리스오피스	KOSDAQ	49725498
114630	114630	폴라리스우노	KOSDAQ	87947548
290720	290720	푸드나무	KOSDAQ	34366855
5670	005670	푸드웰	KOSDAQ	10000000
94940	094940	푸른기술	KOSDAQ	8361386
7330	007330	푸른저축은행	KOSDAQ	15082800
17810	017810	풀무원	KOSPI	38120542
93380	093380	풍강	KOSDAQ	9879313
23900	023900	풍국주정	KOSDAQ	12600000
103140	103140	풍산	KOSPI	28024278
5810	005810	풍산홀딩스	KOSPI	14417292
371950	371950	풍원정밀	KOSDAQ	22662548
370090	370090	퓨런티어	KOSDAQ	8556830
445180	445180	퓨릿	KOSDAQ	17189188
341170	341170	퓨쳐메디신	KONEX	10533205
220100	220100	퓨쳐켐	KOSDAQ	22427420
35200	035200	프럼파스트	KOSDAQ	9730590
334970	334970	프레스티지바이오로직스	KOSDAQ	77752637
950210	950210	프레스티지바이오파마	KOSPI	60096155
227100	227100	프로브잇	KOSDAQ	24134182
321260	321260	프로이천	KOSDAQ	28192084
296160	296160	프로젠	KONEX	15375079
53610	053610	프로텍	KOSDAQ	11000000
468530	468530	프로티나	KOSDAQ	10939480
303360	303360	프로티아	KOSDAQ	12877215
377220	377220	프롬바이오	KOSDAQ	28310000
335810	335810	프리시젼바이오	KOSDAQ	17957810
53160	053160	프리엠스	KOSDAQ	6000000
405000	405000	플라즈맵	KOSDAQ	3838444
41590	041590	플래스크	KOSDAQ	48972158
367000	367000	플래티어	KOSDAQ	8388207
75130	075130	플랜티넷	KOSDAQ	16622320
222670	222670	플럼라인생명과학	KONEX	4032932
9810	009810	플레이그램	KOSPI	30377500
237820	237820	플레이디	KOSDAQ	12827140
23770	023770	플레이위드	KOSDAQ	8946495
19570	019570	플루토스	KOSDAQ	67110042
300080	300080	플리토	KOSDAQ	16505451
33790	033790	피노	KOSDAQ	68037321
32580	032580	피델릭스	KOSDAQ	33132064
51380	051380	피씨디렉트	KOSDAQ	15340072
241820	241820	피씨엘	KOSDAQ	2782098
452450	452450	피아이이	KOSDAQ	35878500
237750	237750	피앤씨테크	KOSDAQ	6496600
460940	460940	피앤에스로보틱스	KOSDAQ	13255480
319660	319660	피에스케이	KOSDAQ GLOBAL	28966714
31980	031980	피에스케이홀딩스	KOSDAQ	21562395
2230	002230	피에스텍	KOSDAQ	19273820
43370	043370	피에이치에이	KOSDAQ	21000000
239890	239890	피엔에이치테크	KOSDAQ	9935755
347740	347740	피엔케이피부임상연구센타	KOSDAQ	30010576
137400	137400	피엔티	KOSDAQ GLOBAL	23690728
257370	257370	피엔티엠에스	KOSDAQ	12504861
147760	147760	피엠티	KOSDAQ	10819866
128660	128660	피제이메탈	KOSDAQ	24803369
6140	006140	피제이전자	KOSDAQ	15000000
376180	376180	피코그램	KOSDAQ	18561038
304840	304840	피플바이오	KOSDAQ	21228311
87600	087600	픽셀플러스	KOSDAQ	8166558
291810	291810	핀텔	KOSDAQ	11368712
378340	378340	필에너지	KOSDAQ	21462882
161580	161580	필옵틱스	KOSDAQ	23402747
347770	347770	핌스	KOSDAQ	22857042
163730	163730	핑거	KOSDAQ	9406568
417180	417180	핑거스토리	KOSDAQ	17548623
469880	469880	하나30호스팩	KOSDAQ	7305000
469900	469900	하나31호스팩	KOSDAQ	5605000
475240	475240	하나32호스팩	KOSDAQ	3200000
475250	475250	하나33호스팩	KOSDAQ	3700000
484130	484130	하나34호스팩	KOSDAQ	4520000
0041L0	0041L0	하나35호스팩	KOSDAQ	6030000
0101C0	0101C0	하나36호스팩	KOSDAQ	7740000
86790	086790	하나금융지주	KOSPI	278325814
299030	299030	하나기술	KOSDAQ	7994910
67310	067310	하나마이크론	KOSDAQ	66413951
166090	166090	하나머티리얼즈	KOSDAQ GLOBAL	19777674
293480	293480	하나제약	KOSPI	17772946
39130	039130	하나투어	KOSPI	15489932
136480	136480	하림	KOSDAQ	106209702
3380	003380	하림지주	KOSDAQ GLOBAL	112005621
450330	450330	하스	KOSDAQ	8186843
101670	101670	하이드로리튬	KOSDAQ	56498284
365590	365590	하이딥	KOSDAQ	30956622
149980	149980	하이로닉	KOSDAQ	21194363
13030	013030	하이록코리아	KOSDAQ	11768144
352820	352820	하이브	KOSPI	43039485
126700	126700	하이비젼시스템	KOSDAQ	14942112
71090	071090	하이스틸	KOSPI	20191471
160190	160190	하이젠알앤엠	KOSDAQ	30888000
221840	221840	하이즈항공	KOSDAQ	18700561
106190	106190	하이텍팜	KOSDAQ	10633173
80	000080	하이트진로	KOSPI	70133611
87	000087	하이트진로2우B	KOSPI	1130138
140	000140	하이트진로홀딩스	KOSPI	23206765
145	000145	하이트진로홀딩스우	KOSPI	470810
65650	065650	하이퍼코퍼레이션	KOSDAQ	13335216
66130	066130	하츠	KOSDAQ	12800000
152550	152550	한국ANKOR유전	KOSPI	70020000
4590	004590	한국가구	KOSDAQ	15000000
36460	036460	한국가스공사	KOSPI	92313000
39340	039340	한국경제TV	KOSDAQ	22500000
5430	005430	한국공항	KOSPI	3166355
71050	071050	한국금융지주	KOSPI	55725992
71055	071055	한국금융지주우	KOSPI	5858251
34950	034950	한국기업평가	KOSDAQ	4540514
10040	010040	한국내화	KOSPI	41067062
25540	025540	한국단자	KOSPI	10115000
222980	222980	한국맥널티	KOSDAQ	11031483
10100	010100	한국무브넥스	KOSPI	30450420
331660	331660	한국미라클피플사	KONEX	1100000
256840	256840	한국비엔씨	KOSDAQ	68394886
219750	219750	한국비티비	KOSDAQ	65426885
4090	004090	한국석유	KOSPI	12694120
25550	025550	한국선재	KOSDAQ	25514004
2200	002200	한국수출포장	KOSPI	40000000
2960	002960	한국쉘석유	KOSPI	1300000
17890	017890	한국알콜	KOSDAQ	21273506
240	000240	한국앤컴퍼니	KOSPI	94935240
80720	080720	한국유니온제약	KOSDAQ	7912828
123890	123890	한국자산신탁	KOSPI	122373926
15760	015760	한국전력	KOSPI	641964077
41460	041460	한국전자인증	KOSDAQ	19000000
6200	006200	한국전자홀딩스	KOSPI	46803136
101680	101680	한국정밀기계	KOSDAQ	8404000
39740	039740	한국정보공학	KOSDAQ	8018397
53300	053300	한국정보인증	KOSDAQ	42441361
25770	025770	한국정보통신	KOSDAQ	37444271
458610	458610	한국제12호스팩	KOSDAQ	4230000
464440	464440	한국제13호스팩	KOSDAQ	4320000
479880	479880	한국제15호스팩	KOSDAQ	6870000
27970	027970	한국제지	KOSPI	190178237
23350	023350	한국종합기술	KOSPI	10950000
25890	025890	한국주강	KOSPI	11309259
970	000970	한국주철관	KOSPI	22800500
104700	104700	한국철강	KOSPI	36450000
62970	062970	한국첨단소재	KOSDAQ	23059076
17960	017960	한국카본	KOSPI	51908452
23760	023760	한국캐피탈	KOSDAQ	315609576
54040	054040	한국컴퓨터	KOSDAQ	16071290
161890	161890	한국콜마	KOSPI	23605077
21650	021650	한국큐빅	KOSDAQ	16350563
161390	161390	한국타이어앤테크놀로지	KOSPI	123875069
34830	034830	한국토지신탁	KOSPI	252489230
7280	007280	한국특강	KOSPI	60813311
32300	032300	한국파마	KOSDAQ	10906701
37230	037230	한국팩키지	KOSDAQ	29800327
448900	448900	한국피아이엠	KOSDAQ	6004457
47810	047810	한국항공우주	KOSPI	97475107
123690	123690	한국화장품	KOSPI	16068000
3350	003350	한국화장품제조	KOSPI	4532000
30520	030520	한글과컴퓨터	KOSDAQ GLOBAL	24179744
52600	052600	한네트	KOSDAQ	11563700
11500	011500	한농화성	KOSPI	15637042
2390	002390	한독	KOSPI	13763533
256150	256150	한독크린텍	KOSDAQ	8395000
92460	092460	한라IMS	KOSDAQ	17109680
125490	125490	한라캐스트	KOSDAQ	36502352
53690	053690	한미글로벌	KOSPI	10957550
42700	042700	한미반도체	KOSPI	95312200
8930	008930	한미사이언스	KOSPI	68391550
128940	128940	한미약품	KOSPI	12810991
452190	452190	한빛레이저	KOSDAQ	23366557
47080	047080	한빛소프트	KOSDAQ	24822362
9240	009240	한샘	KOSPI	23533928
452280	452280	한선엔지니어링	KOSDAQ	17866881
20000	020000	한섬	KOSPI	22437747
3680	003680	한성기업	KOSPI	6209515
66980	066980	한성크린텍	KOSDAQ	51935125
105630	105630	한세실업	KOSPI	40000000
69640	069640	한세엠케이	KOSPI	44806502
16450	016450	한세예스24홀딩스	KOSPI	40000000
9180	009180	한솔로지스틱스	KOSPI	28155825
114810	114810	한솔아이원스	KOSDAQ	28593174
70590	070590	한솔인티큐브	KOSDAQ	13879521
213500	213500	한솔제지	KOSPI	23800576
14680	014680	한솔케미칼	KOSPI	11335195
4710	004710	한솔테크닉스	KOSPI	32109878
4150	004150	한솔홀딩스	KOSPI	41026620
25750	025750	한솔홈데코	KOSPI	80565149
42520	042520	한스바이오메드	KOSDAQ	14261367
4960	004960	한신공영	KOSPI	11570702
11700	011700	한신기계	KOSPI	32446151
430690	430690	한싹	KOSDAQ	10895327
78350	078350	한양디지텍	KOSDAQ	15244382
45100	045100	한양이엔지	KOSDAQ	18000000
1750	001750	한양증권	KOSPI	12728534
1755	001755	한양증권우	KOSPI	525000
18880	018880	한온시스템	KOSPI	1026262552
9420	009420	한올바이오파마	KOSPI	52240638
320000	320000	한울반도체	KOSDAQ	32897224
91440	091440	한울소재과학	KOSDAQ	30843445
276730	276730	한울앤제주	KOSDAQ	22149847
14130	014130	한익스프레스	KOSPI	12000000
24740	024740	한일단조	KOSDAQ	32897049
5860	005860	한일사료	KOSDAQ	39403685
300720	300720	한일시멘트	KOSPI	73545209
2220	002220	한일철강	KOSPI	26697460
3300	003300	한일홀딩스	KOSPI	30832884
7770	007770	한일화학	KOSDAQ	3510000
51600	051600	한전KPS	KOSPI	45000000
52690	052690	한전기술	KOSPI	38220000
130660	130660	한전산업	KOSPI	32600000
198940	198940	한주라이트메탈	KOSDAQ	38922978
58450	058450	한주에이알티	KOSDAQ	18751405
107640	107640	한중엔시에스	KOSDAQ	9064946
2320	002320	한진	KOSPI	15235010
3480	003480	한진중공업홀딩스	KOSPI	29529812
180640	180640	한진칼	KOSPI	66762279
18064K	18064K	한진칼우	KOSPI	536766
5110	005110	한창	KOSPI	21106407
79170	079170	한창산업	KOSDAQ	5200000
9460	009460	한창제지	KOSPI	59667486
372910	372910	한컴라이프케어	KOSPI	27674406
54920	054920	한컴위드	KOSDAQ	28217081
457370	457370	한켐	KOSDAQ	8027134
2680	002680	한탑	KOSDAQ	32316799
98070	098070	한텍	KOSDAQ	11121141
880	000880	한화	KOSPI	74958735
00088K	00088K	한화3우B	KOSPI	19404441
452260	452260	한화갤러리아	KOSPI	193859610
45226K	45226K	한화갤러리아우	KOSPI	2904470
451800	451800	한화리츠	KOSPI	179600000
489790	489790	한화비전	KOSPI	50488390
88350	088350	한화생명	KOSPI	868530000
370	000370	한화손해보험	KOSPI	116738915
9830	009830	한화솔루션	KOSPI	171892536
9835	009835	한화솔루션우	KOSPI	2575349
272210	272210	한화시스템	KOSPI	188919389
12450	012450	한화에어로스페이스	KOSPI	51563401
82740	082740	한화엔진	KOSPI	83447142
42660	042660	한화오션	KOSPI	306413394
3530	003530	한화투자증권	KOSPI	214547775
3535	003535	한화투자증권우	KOSPI	4800000
455310	455310	한화플러스제4호스팩	KOSDAQ	5060000
498390	498390	한화플러스제5호스팩	KOSDAQ	4960000
195870	195870	해성디에스	KOSPI	17000000
34810	034810	해성산업	KOSDAQ	32556857
03481K	03481K	해성산업1우	KOSDAQ	1388922
59270	059270	해성에어로보틱스	KOSDAQ	11165299
76610	076610	해성옵틱스	KOSDAQ	53175440
101530	101530	해태제과식품	KOSPI	29116822
220180	220180	핸디소프트	KOSDAQ	23930842
143210	143210	핸즈코퍼레이션	KOSPI	21875747
900270	900270	헝셩그룹	KOSDAQ	244047040
214180	214180	헥토이노베이션	KOSDAQ	12993367
234340	234340	헥토파이낸셜	KOSDAQ	13970656
84990	084990	헬릭스미스	KOSDAQ	46092797
187660	187660	현대ADM	KOSDAQ	55466253
720	000720	현대건설	KOSPI	111355765
725	000725	현대건설우	KOSPI	1054693
170030	170030	현대공업	KOSDAQ	15340000
453340	453340	현대그린푸드	KOSPI	32819346
86280	086280	현대글로비스	KOSPI	75000000
64350	064350	현대로템	KOSPI	109142293
79430	079430	현대리바트	KOSPI	20535282
12330	012330	현대모비스	KOSPI	90732583
319400	319400	현대무벡스	KOSDAQ	111376039
48410	048410	현대바이오	KOSDAQ	96040960
52260	052260	현대바이오랜드	KOSDAQ	30000000
69960	069960	현대백화점	KOSPI	22628813
4560	004560	현대비앤지스틸	KOSPI	15078811
16790	016790	현대사료	KOSDAQ	188471729
4310	004310	현대약품	KOSPI	32000000
41440	041440	현대에버다임	KOSDAQ	17915944
39010	039010	현대에이치티	KOSDAQ	8625000
17800	017800	현대엘리베이터	KOSPI	39092385
307950	307950	현대오토에버	KOSPI	27423982
11210	011210	현대위아	KOSPI	27195083
90850	090850	현대이지웰	KOSDAQ	23746361
4020	004020	현대제철	KOSPI	133445785
5440	005440	현대지에프홀딩스	KOSPI	155904301
5380	005380	현대차	KOSPI	204757766
5387	005387	현대차2우B	KOSPI	34963930
5389	005389	현대차3우B	KOSPI	2327452
5385	005385	현대차우	KOSPI	23340960
1500	001500	현대차증권	KOSPI	61833044
11760	011760	현대코퍼레이션	KOSPI	13228966
227840	227840	현대코퍼레이션홀딩스	KOSPI	9100836
126560	126560	현대퓨처넷	KOSPI	110202945
1450	001450	현대해상	KOSPI	89400000
57050	057050	현대홈쇼핑	KOSPI	12000000
460930	460930	현대힘스	KOSDAQ	35510671
92300	092300	현우산업	KOSDAQ	18987083
11080	011080	형지I&C	KOSDAQ	42962622
308100	308100	형지글로벌	KOSDAQ	24023008
93240	093240	형지엘리트	KOSPI	61390259
3010	003010	혜인	KOSPI	12712747
111110	111110	호전실업	KOSPI	9376000
8770	008770	호텔신라	KOSPI	39248121
8775	008775	호텔신라우	KOSPI	751879
64240	064240	홈캐스트	KOSDAQ	34694251
39610	039610	화성밸브	KOSDAQ	10410400
378850	378850	화승알앤에이	KOSPI	18993623
241590	241590	화승엔터프라이즈	KOSPI	60589276
6060	006060	화승인더	KOSPI	55320000
13520	013520	화승코퍼레이션	KOSPI	50051252
10690	010690	화신	KOSPI	34920410
126640	126640	화신정공	KOSDAQ	35055910
133820	133820	화인베스틸	KOSPI	37114502
127980	127980	화인써키트	KOSDAQ	11840684
61250	061250	화일약품	KOSDAQ	86515847
10660	010660	화천기계	KOSPI	22000000
850	000850	화천기공	KOSPI	2200000
16580	016580	환인제약	KOSPI	18600070
32560	032560	황금에스티	KOSPI	17000000
4800	004800	효성	KOSPI	16740407
94280	094280	효성ITX	KOSPI	11558200
97870	097870	효성오앤비	KOSDAQ	8490000
298040	298040	효성중공업	KOSPI	9324548
298020	298020	효성티앤씨	KOSPI	4327682
298000	298000	효성화학	KOSPI	3791811
93370	093370	후성	KOSPI	107255330
290270	290270	휴네시온	KOSDAQ	9607672
5870	005870	휴니드	KOSPI	14116015
353190	353190	휴럼	KOSDAQ	39378420
90710	090710	휴림로봇	KOSDAQ	119457197
78590	078590	휴림에이텍	KOSDAQ	84936926
205470	205470	휴마시스	KOSDAQ	129375009
115160	115160	휴맥스	KOSDAQ	43970124
28080	028080	휴맥스홀딩스	KOSDAQ	12577506
175140	175140	휴먼테크놀로지	KOSDAQ	24944253
200670	200670	휴메딕스	KOSDAQ	11229930
79980	079980	휴비스	KOSPI	34500000
65510	065510	휴비츠	KOSDAQ	11485863
5010	005010	휴스틸	KOSPI	56188075
263920	263920	휴엠앤씨	KOSDAQ	9809026
243070	243070	휴온스	KOSDAQ	11979665
84110	084110	휴온스글로벌	KOSDAQ	12659812
145020	145020	휴젤	KOSDAQ GLOBAL	12304033
24060	024060	흥구석유	KOSDAQ	15000000
10240	010240	흥국	KOSDAQ	11706000
189980	189980	흥국에프엔비	KOSDAQ	40137827
540	000540	흥국화재	KOSPI	64242645
545	000545	흥국화재우	KOSPI	768000
3280	003280	흥아해운	KOSPI	240424899
37440	037440	희림	KOSDAQ	13922475
238490	238490	힘스	KOSDAQ	11312236
